Pot_ID,Latitude,Lat_N,Lat_DM,Lat_DD,Longitude,Lon_W,Lon_DM,Lon_DD
A1,57° 47.84166' N,57,47.8417,57.7974,164° 16.37346' W,164,16.3735,-164.2729
A2,57° 45.852' N,57,45.852,57.7642,164° 16.32828' W,164,16.3283,-164.2721
A3,57° 43.86234' N,57,43.8623,57.731,164° 16.28322' W,164,16.2832,-164.2714
A4,57° 41.87262' N,57,41.8726,57.6979,164° 16.23822' W,164,16.2382,-164.2706
A5,57° 39.88284' N,57,39.8828,57.6647,164° 16.19334' W,164,16.1933,-164.2699
A6,57° 37.893' N,57,37.893,57.6316,164° 16.14852' W,164,16.1485,-164.2691
A7,57° 35.90304' N,57,35.903,57.5984,164° 16.10376' W,164,16.1038,-164.2684
A8,57° 33.91308' N,57,33.9131,57.5652,164° 16.05912' W,164,16.0591,-164.2677
A9,57° 31.92306' N,57,31.9231,57.5321,164° 16.01454' W,164,16.0145,-164.2669
A10,57° 29.93298' N,57,29.933,57.4989,164° 15.97008' W,164,15.9701,-164.2662
A11,57° 27.94284' N,57,27.9428,57.4657,164° 15.92568' W,164,15.9257,-164.2654
A12,57° 25.95258' N,57,25.9526,57.4325,164° 15.88134' W,164,15.8813,-164.2647
A13,57° 23.96232' N,57,23.9623,57.3994,164° 15.83712' W,164,15.8371,-164.264
A14,57° 21.972' N,57,21.972,57.3662,164° 15.79296' W,164,15.793,-164.2632
A15,57° 19.98156' N,57,19.9816,57.333,164° 15.74886' W,164,15.7489,-164.2625
A16,57° 17.99112' N,57,17.9911,57.2999,164° 15.70488' W,164,15.7049,-164.2617
A17,57° 16.00056' N,57,16.0006,57.2667,164° 15.66096' W,164,15.661,-164.261
A18,57° 14.00994' N,57,14.0099,57.2335,164° 15.61716' W,164,15.6172,-164.2603
A19,57° 12.01926' N,57,12.0193,57.2003,164° 15.57342' W,164,15.5734,-164.2596
A20,57° 10.02852' N,57,10.0285,57.1671,164° 15.52974' W,164,15.5297,-164.2588
A21,57° 8.03772' N,57,8.0377,57.134,164° 15.48618' W,164,15.4862,-164.2581
A22,57° 6.04686' N,57,6.0469,57.1008,164° 15.44262' W,164,15.4426,-164.2574
A23,57° 4.05594' N,57,4.0559,57.0676,164° 15.39924' W,164,15.3992,-164.2567
A24,57° 2.0649' N,57,2.0649,57.0344,164° 15.35586' W,164,15.3559,-164.2559
A25,57° 0.07386' N,57,0.0739,57.0012,164° 15.3126' W,164,15.3126,-164.2552
A26,56° 58.0827' N,56,58.0827,56.968,164° 15.2694' W,164,15.2694,-164.2545
A27,56° 56.09148' N,56,56.0915,56.9349,164° 15.22632' W,164,15.2263,-164.2538
A28,56° 54.1002' N,56,54.1002,56.9017,164° 15.1833' W,164,15.1833,-164.2531
A29,56° 52.1088' N,56,52.1088,56.8685,164° 15.14034' W,164,15.1403,-164.2523
A30,56° 50.1174' N,56,50.1174,56.8353,164° 15.09744' W,164,15.0974,-164.2516
A31,56° 48.12588' N,56,48.1259,56.8021,164° 15.05466' W,164,15.0547,-164.2509
A32,56° 46.1343' N,56,46.1343,56.7689,164° 15.01194' W,164,15.0119,-164.2502
A33,56° 44.14266' N,56,44.1427,56.7357,164° 14.96934' W,164,14.9693,-164.2495
A34,56° 42.15096' N,56,42.151,56.7025,164° 14.92674' W,164,14.9267,-164.2488
A35,56° 40.15914' N,56,40.1591,56.6693,164° 14.88426' W,164,14.8843,-164.2481
A36,56° 38.16726' N,56,38.1673,56.6361,164° 14.8419' W,164,14.8419,-164.2474
A37,56° 36.17532' N,56,36.1753,56.6029,164° 14.79954' W,164,14.7995,-164.2467
A38,56° 34.18326' N,56,34.1833,56.5697,164° 14.7573' W,164,14.7573,-164.246
A39,56° 32.1912' N,56,32.1912,56.5365,164° 14.71512' W,164,14.7151,-164.2453
A40,56° 30.19902' N,56,30.199,56.5033,164° 14.67306' W,164,14.6731,-164.2446
A41,56° 28.20672' N,56,28.2067,56.4701,164° 14.631' W,164,14.631,-164.2439
A42,56° 26.21442' N,56,26.2144,56.4369,164° 14.58906' W,164,14.5891,-164.2432
A43,56° 24.222' N,56,24.222,56.4037,164° 14.54724' W,164,14.5472,-164.2425
A44,56° 22.22952' N,56,22.2295,56.3705,164° 14.50542' W,164,14.5054,-164.2418
A45,56° 20.23692' N,56,20.2369,56.3373,164° 14.46372' W,164,14.4637,-164.2411
A46,56° 18.24426' N,56,18.2443,56.3041,164° 14.42208' W,164,14.4221,-164.2404
A47,56° 16.25154' N,56,16.2515,56.2709,164° 14.3805' W,164,14.3805,-164.2397
A48,56° 14.25876' N,56,14.2588,56.2376,164° 14.33898' W,164,14.339,-164.239
A49,56° 12.26586' N,56,12.2659,56.2044,164° 14.29758' W,164,14.2976,-164.2383
A50,56° 10.27284' N,56,10.2728,56.1712,164° 14.25624' W,164,14.2562,-164.2376
A51,56° 8.27982' N,56,8.2798,56.138,164° 14.21496' W,164,14.215,-164.2369
A52,56° 6.28668' N,56,6.2867,56.1048,164° 14.1738' W,164,14.1738,-164.2362
A53,56° 4.29342' N,56,4.2934,56.0716,164° 14.13264' W,164,14.1326,-164.2355
A54,56° 2.3001' N,56,2.3001,56.0383,164° 14.0916' W,164,14.0916,-164.2349
A55,56° 0.30672' N,56,0.3067,56.0051,164° 14.05062' W,164,14.0506,-164.2342
A56,55° 58.31328' N,55,58.3133,55.9719,164° 14.00976' W,164,14.0098,-164.2335
A57,55° 56.31972' N,55,56.3197,55.9387,164° 13.9689' W,164,13.9689,-164.2328
A58,55° 54.32604' N,55,54.326,55.9054,164° 13.92816' W,164,13.9282,-164.2321
A59,55° 52.3323' N,55,52.3323,55.8722,164° 13.88748' W,164,13.8875,-164.2315
A60,55° 50.3385' N,55,50.3385,55.839,164° 13.84686' W,164,13.8469,-164.2308
A61,55° 48.34458' N,55,48.3446,55.8057,164° 13.80636' W,164,13.8064,-164.2301
A62,55° 46.3506' N,55,46.3506,55.7725,164° 13.76586' W,164,13.7659,-164.2294
A63,55° 44.3565' N,55,44.3565,55.7393,164° 13.72548' W,164,13.7255,-164.2288
A64,55° 42.36234' N,55,42.3623,55.706,164° 13.68516' W,164,13.6852,-164.2281
A65,55° 40.36806' N,55,40.3681,55.6728,164° 13.6449' W,164,13.6449,-164.2274
A66,55° 38.37372' N,55,38.3737,55.6396,164° 13.60476' W,164,13.6048,-164.2267
A67,55° 36.37926' N,55,36.3793,55.6063,164° 13.56462' W,164,13.5646,-164.2261
A68,55° 34.38474' N,55,34.3847,55.5731,164° 13.5246' W,164,13.5246,-164.2254
A69,55° 32.3901' N,55,32.3901,55.5398,164° 13.48464' W,164,13.4846,-164.2247
A70,55° 30.3954' N,55,30.3954,55.5066,164° 13.44474' W,164,13.4447,-164.2241
A71,55° 28.40058' N,55,28.4006,55.4733,164° 13.4049' W,164,13.4049,-164.2234
A72,55° 26.40564' N,55,26.4056,55.4401,164° 13.36518' W,164,13.3652,-164.2228
A73,55° 24.4107' N,55,24.4107,55.4068,164° 13.32546' W,164,13.3255,-164.2221
A74,55° 22.41558' N,55,22.4156,55.3736,164° 13.28586' W,164,13.2859,-164.2214
A75,55° 20.4204' N,55,20.4204,55.3403,164° 13.24632' W,164,13.2463,-164.2208
A76,55° 18.4251' N,55,18.4251,55.3071,164° 13.20684' W,164,13.2068,-164.2201
A77,55° 16.42974' N,55,16.4297,55.2738,164° 13.16742' W,164,13.1674,-164.2195
A78,55° 14.43426' N,55,14.4343,55.2406,164° 13.12812' W,164,13.1281,-164.2188
A79,55° 12.43872' N,55,12.4387,55.2073,164° 13.08882' W,164,13.0888,-164.2181
A80,55° 10.44306' N,55,10.4431,55.1741,164° 13.04964' W,164,13.0496,-164.2175
A81,55° 8.44734' N,55,8.4473,55.1408,164° 13.01052' W,164,13.0105,-164.2168
A82,55° 6.45144' N,55,6.4514,55.1075,164° 12.97146' W,164,12.9715,-164.2162
A83,55° 4.45548' N,55,4.4555,55.0743,164° 12.93246' W,164,12.9325,-164.2155
A84,55° 2.45946' N,55,2.4595,55.041,164° 12.89352' W,164,12.8935,-164.2149
A85,55° 0.46332' N,55,0.4633,55.0077,164° 12.8547' W,164,12.8547,-164.2142
B1,57° 48.96384' N,57,48.9638,57.8161,163° 48.27336' W,163,48.2734,-163.8046
B2,57° 46.97412' N,57,46.9741,57.7829,163° 48.25464' W,163,48.2546,-163.8042
B3,57° 44.98434' N,57,44.9843,57.7497,163° 48.23586' W,163,48.2359,-163.8039
B4,57° 42.99456' N,57,42.9946,57.7166,163° 48.2172' W,163,48.2172,-163.8036
B5,57° 41.00466' N,57,41.0047,57.6834,163° 48.19854' W,163,48.1985,-163.8033
B6,57° 39.0147' N,57,39.0147,57.6502,163° 48.17994' W,163,48.1799,-163.803
B7,57° 37.02474' N,57,37.0247,57.6171,163° 48.16134' W,163,48.1613,-163.8027
B8,57° 35.03466' N,57,35.0347,57.5839,163° 48.1428' W,163,48.1428,-163.8024
B9,57° 33.04458' N,57,33.0446,57.5507,163° 48.12426' W,163,48.1243,-163.8021
B10,57° 31.05438' N,57,31.0544,57.5176,163° 48.10578' W,163,48.1058,-163.8018
B11,57° 29.06412' N,57,29.0641,57.4844,163° 48.0873' W,163,48.0873,-163.8015
B12,57° 27.07386' N,57,27.0739,57.4512,163° 48.06894' W,163,48.0689,-163.8011
B13,57° 25.08348' N,57,25.0835,57.4181,163° 48.05052' W,163,48.0505,-163.8008
B14,57° 23.09304' N,57,23.093,57.3849,163° 48.03216' W,163,48.0322,-163.8005
B15,57° 21.1026' N,57,21.1026,57.3517,163° 48.01386' W,163,48.0139,-163.8002
B16,57° 19.11204' N,57,19.112,57.3185,163° 47.99562' W,163,47.9956,-163.7999
B17,57° 17.12142' N,57,17.1214,57.2854,163° 47.97738' W,163,47.9774,-163.7996
B18,57° 15.13074' N,57,15.1307,57.2522,163° 47.95914' W,163,47.9591,-163.7993
B19,57° 13.13994' N,57,13.1399,57.219,163° 47.94096' W,163,47.941,-163.799
B20,57° 11.14914' N,57,11.1491,57.1858,163° 47.92284' W,163,47.9228,-163.7987
B21,57° 9.15828' N,57,9.1583,57.1526,163° 47.90472' W,163,47.9047,-163.7984
B22,57° 7.1673' N,57,7.1673,57.1195,163° 47.88666' W,163,47.8867,-163.7981
B23,57° 5.17632' N,57,5.1763,57.0863,163° 47.8686' W,163,47.8686,-163.7978
B24,57° 3.18522' N,57,3.1852,57.0531,163° 47.8506' W,163,47.8506,-163.7975
B25,57° 1.19406' N,57,1.1941,57.0199,163° 47.8326' W,163,47.8326,-163.7972
B26,56° 59.20284' N,56,59.2028,56.9867,163° 47.81466' W,163,47.8147,-163.7969
B27,56° 57.21156' N,56,57.2116,56.9535,163° 47.79678' W,163,47.7968,-163.7966
B28,56° 55.22016' N,56,55.2202,56.9203,163° 47.7789' W,163,47.7789,-163.7963
B29,56° 53.22876' N,56,53.2288,56.8871,163° 47.76102' W,163,47.761,-163.796
B30,56° 51.23724' N,56,51.2372,56.854,163° 47.7432' W,163,47.7432,-163.7957
B31,56° 49.24566' N,56,49.2457,56.8208,163° 47.72544' W,163,47.7254,-163.7954
B32,56° 47.25402' N,56,47.254,56.7876,163° 47.70768' W,163,47.7077,-163.7951
B33,56° 45.26232' N,56,45.2623,56.7544,163° 47.68998' W,163,47.69,-163.7948
B34,56° 43.2705' N,56,43.2705,56.7212,163° 47.67228' W,163,47.6723,-163.7945
B35,56° 41.27862' N,56,41.2786,56.688,163° 47.65464' W,163,47.6546,-163.7942
B36,56° 39.28668' N,56,39.2867,56.6548,163° 47.63706' W,163,47.6371,-163.794
B37,56° 37.29468' N,56,37.2947,56.6216,163° 47.61948' W,163,47.6195,-163.7937
B38,56° 35.30256' N,56,35.3026,56.5884,163° 47.6019' W,163,47.6019,-163.7934
B39,56° 33.31038' N,56,33.3104,56.5552,163° 47.58438' W,163,47.5844,-163.7931
B40,56° 31.31814' N,56,31.3181,56.522,163° 47.56686' W,163,47.5669,-163.7928
B41,56° 29.32584' N,56,29.3258,56.4888,163° 47.5494' W,163,47.5494,-163.7925
B42,56° 27.33342' N,56,27.3334,56.4556,163° 47.532' W,163,47.532,-163.7922
B43,56° 25.34094' N,56,25.3409,56.4223,163° 47.5146' W,163,47.5146,-163.7919
B44,56° 23.3484' N,56,23.3484,56.3891,163° 47.49726' W,163,47.4973,-163.7916
B45,56° 21.35574' N,56,21.3557,56.3559,163° 47.47992' W,163,47.4799,-163.7913
B46,56° 19.36302' N,56,19.363,56.3227,163° 47.46264' W,163,47.4626,-163.791
B47,56° 17.37024' N,56,17.3702,56.2895,163° 47.44536' W,163,47.4454,-163.7908
B48,56° 15.37734' N,56,15.3773,56.2563,163° 47.42808' W,163,47.4281,-163.7905
B49,56° 13.38438' N,56,13.3844,56.2231,163° 47.41092' W,163,47.4109,-163.7902
B50,56° 11.39136' N,56,11.3914,56.1899,163° 47.3937' W,163,47.3937,-163.7899
B51,56° 9.39822' N,56,9.3982,56.1566,163° 47.3766' W,163,47.3766,-163.7896
B52,56° 7.40502' N,56,7.405,56.1234,163° 47.35944' W,163,47.3594,-163.7893
B53,56° 5.41176' N,56,5.4118,56.0902,163° 47.3424' W,163,47.3424,-163.789
B54,56° 3.41838' N,56,3.4184,56.057,163° 47.3253' W,163,47.3253,-163.7888
B55,56° 1.42488' N,56,1.4249,56.0237,163° 47.30832' W,163,47.3083,-163.7885
B56,55° 59.43138' N,55,59.4314,55.9905,163° 47.29128' W,163,47.2913,-163.7882
B57,55° 57.43776' N,55,57.4378,55.9573,163° 47.27436' W,163,47.2744,-163.7879
B58,55° 55.44402' N,55,55.444,55.9241,163° 47.25744' W,163,47.2574,-163.7876
B59,55° 53.45022' N,55,53.4502,55.8908,163° 47.24052' W,163,47.2405,-163.7873
B60,55° 51.45636' N,55,51.4564,55.8576,163° 47.22366' W,163,47.2237,-163.7871
B61,55° 49.46238' N,55,49.4624,55.8244,163° 47.2068' W,163,47.2068,-163.7868
B62,55° 47.46834' N,55,47.4683,55.7911,163° 47.19' W,163,47.19,-163.7865
B63,55° 45.47418' N,55,45.4742,55.7579,163° 47.1732' W,163,47.1732,-163.7862
B64,55° 43.47996' N,55,43.48,55.7247,163° 47.15646' W,163,47.1565,-163.7859
B65,55° 41.48562' N,55,41.4856,55.6914,163° 47.13972' W,163,47.1397,-163.7857
B66,55° 39.49122' N,55,39.4912,55.6582,163° 47.12304' W,163,47.123,-163.7854
B67,55° 37.4967' N,55,37.4967,55.6249,163° 47.10636' W,163,47.1064,-163.7851
B68,55° 35.50212' N,55,35.5021,55.5917,163° 47.08974' W,163,47.0897,-163.7848
B69,55° 33.50748' N,55,33.5075,55.5585,163° 47.07312' W,163,47.0731,-163.7846
B70,55° 31.51266' N,55,31.5127,55.5252,163° 47.05656' W,163,47.0566,-163.7843
B71,55° 29.51784' N,55,29.5178,55.492,163° 47.04' W,163,47.04,-163.784
B72,55° 27.52284' N,55,27.5228,55.4587,163° 47.0235' W,163,47.0235,-163.7837
B73,55° 25.52784' N,55,25.5278,55.4255,163° 47.007' W,163,47.007,-163.7835
B74,55° 23.53266' N,55,23.5327,55.3922,163° 46.99056' W,163,46.9906,-163.7832
B75,55° 21.53742' N,55,21.5374,55.359,163° 46.97412' W,163,46.9741,-163.7829
B76,55° 19.54212' N,55,19.5421,55.3257,163° 46.95774' W,163,46.9577,-163.7826
B77,55° 17.5467' N,55,17.5467,55.2924,163° 46.94136' W,163,46.9414,-163.7824
B78,55° 15.55116' N,55,15.5512,55.2592,163° 46.92504' W,163,46.925,-163.7821
B79,55° 13.55556' N,55,13.5556,55.2259,163° 46.90872' W,163,46.9087,-163.7818
B80,55° 11.55984' N,55,11.5598,55.1927,163° 46.8924' W,163,46.8924,-163.7815
B81,55° 9.56406' N,55,9.5641,55.1594,163° 46.87614' W,163,46.8761,-163.7813
B82,55° 7.56816' N,55,7.5682,55.1261,163° 46.85994' W,163,46.8599,-163.781
B83,55° 5.57214' N,55,5.5721,55.0929,163° 46.84374' W,163,46.8437,-163.7807
C1,57° 48.98586' N,57,48.9859,57.8164,163° 20.14872' W,163,20.1487,-163.3358
C2,57° 46.99614' N,57,46.9961,57.7833,163° 20.1564' W,163,20.1564,-163.3359
C3,57° 45.00636' N,57,45.0064,57.7501,163° 20.16402' W,163,20.164,-163.3361
C4,57° 43.01652' N,57,43.0165,57.7169,163° 20.1717' W,163,20.1717,-163.3362
C5,57° 41.02662' N,57,41.0266,57.6838,163° 20.17932' W,163,20.1793,-163.3363
C6,57° 39.03672' N,57,39.0367,57.6506,163° 20.18694' W,163,20.1869,-163.3364
C7,57° 37.0467' N,57,37.0467,57.6174,163° 20.19456' W,163,20.1946,-163.3366
C8,57° 35.05662' N,57,35.0566,57.5843,163° 20.20218' W,163,20.2022,-163.3367
C9,57° 33.06648' N,57,33.0665,57.5511,163° 20.20974' W,163,20.2097,-163.3368
C10,57° 31.07628' N,57,31.0763,57.5179,163° 20.2173' W,163,20.2173,-163.337
C11,57° 29.08602' N,57,29.086,57.4848,163° 20.22486' W,163,20.2249,-163.3371
C12,57° 27.0957' N,57,27.0957,57.4516,163° 20.23242' W,163,20.2324,-163.3372
C13,57° 25.10532' N,57,25.1053,57.4184,163° 20.23992' W,163,20.2399,-163.3373
C14,57° 23.11488' N,57,23.1149,57.3852,163° 20.24742' W,163,20.2474,-163.3375
C15,57° 21.12438' N,57,21.1244,57.3521,163° 20.25492' W,163,20.2549,-163.3376
C16,57° 19.13382' N,57,19.1338,57.3189,163° 20.26242' W,163,20.2624,-163.3377
C17,57° 17.14314' N,57,17.1431,57.2857,163° 20.26986' W,163,20.2699,-163.3378
C18,57° 15.15246' N,57,15.1525,57.2525,163° 20.27736' W,163,20.2774,-163.338
C19,57° 13.16166' N,57,13.1617,57.2194,163° 20.2848' W,163,20.2848,-163.3381
C20,57° 11.17086' N,57,11.1709,57.1862,163° 20.29218' W,163,20.2922,-163.3382
C21,57° 9.17994' N,57,9.1799,57.153,163° 20.29962' W,163,20.2996,-163.3383
C22,57° 7.18896' N,57,7.189,57.1198,163° 20.307' W,163,20.307,-163.3385
C23,57° 5.19792' N,57,5.1979,57.0866,163° 20.31438' W,163,20.3144,-163.3386
C24,57° 3.20682' N,57,3.2068,57.0534,163° 20.32176' W,163,20.3218,-163.3387
C25,57° 1.21566' N,57,1.2157,57.0203,163° 20.32914' W,163,20.3291,-163.3388
C26,56° 59.22444' N,56,59.2244,56.9871,163° 20.33646' W,163,20.3365,-163.3389
C27,56° 57.2331' N,56,57.2331,56.9539,163° 20.34378' W,163,20.3438,-163.3391
C28,56° 55.24176' N,56,55.2418,56.9207,163° 20.3511' W,163,20.3511,-163.3392
C29,56° 53.2503' N,56,53.2503,56.8875,163° 20.35842' W,163,20.3584,-163.3393
C30,56° 51.25878' N,56,51.2588,56.8543,163° 20.36574' W,163,20.3657,-163.3394
C31,56° 49.26714' N,56,49.2671,56.8211,163° 20.373' W,163,20.373,-163.3396
C32,56° 47.2755' N,56,47.2755,56.7879,163° 20.38026' W,163,20.3803,-163.3397
C33,56° 45.28374' N,56,45.2837,56.7547,163° 20.38752' W,163,20.3875,-163.3398
C34,56° 43.29192' N,56,43.2919,56.7215,163° 20.39478' W,163,20.3948,-163.3399
C35,56° 41.30004' N,56,41.3,56.6883,163° 20.40198' W,163,20.402,-163.34
C36,56° 39.3081' N,56,39.3081,56.6551,163° 20.40918' W,163,20.4092,-163.3402
C37,56° 37.31604' N,56,37.316,56.6219,163° 20.41638' W,163,20.4164,-163.3403
C38,56° 35.32392' N,56,35.3239,56.5887,163° 20.42358' W,163,20.4236,-163.3404
C39,56° 33.33174' N,56,33.3317,56.5555,163° 20.43078' W,163,20.4308,-163.3405
C40,56° 31.33944' N,56,31.3394,56.5223,163° 20.43792' W,163,20.4379,-163.3406
C41,56° 29.34714' N,56,29.3471,56.4891,163° 20.44506' W,163,20.4451,-163.3408
C42,56° 27.35472' N,56,27.3547,56.4559,163° 20.4522' W,163,20.4522,-163.3409
C43,56° 25.36218' N,56,25.3622,56.4227,163° 20.45934' W,163,20.4593,-163.341
C44,56° 23.36964' N,56,23.3696,56.3895,163° 20.46642' W,163,20.4664,-163.3411
C45,56° 21.37698' N,56,21.377,56.3563,163° 20.4735' W,163,20.4735,-163.3412
C46,56° 19.38426' N,56,19.3843,56.3231,163° 20.48058' W,163,20.4806,-163.3413
C47,56° 17.39142' N,56,17.3914,56.2899,163° 20.48766' W,163,20.4877,-163.3415
C48,56° 15.39852' N,56,15.3985,56.2566,163° 20.49474' W,163,20.4947,-163.3416
C49,56° 13.40556' N,56,13.4056,56.2234,163° 20.50176' W,163,20.5018,-163.3417
C50,56° 11.41248' N,56,11.4125,56.1902,163° 20.50878' W,163,20.5088,-163.3418
C51,56° 9.41934' N,56,9.4193,56.157,163° 20.5158' W,163,20.5158,-163.3419
C52,56° 7.42614' N,56,7.4261,56.1238,163° 20.52282' W,163,20.5228,-163.342
C53,56° 5.43282' N,56,5.4328,56.0905,163° 20.52984' W,163,20.5298,-163.3422
C54,56° 3.43944' N,56,3.4394,56.0573,163° 20.5368' W,163,20.5368,-163.3423
C55,56° 1.44594' N,56,1.4459,56.0241,163° 20.54376' W,163,20.5438,-163.3424
C56,55° 59.45238' N,55,59.4524,55.9909,163° 20.55072' W,163,20.5507,-163.3425
C57,55° 57.45876' N,55,57.4588,55.9576,163° 20.55768' W,163,20.5577,-163.3426
C58,55° 55.46502' N,55,55.465,55.9244,163° 20.56458' W,163,20.5646,-163.3427
C59,55° 53.47122' N,55,53.4712,55.8912,163° 20.57154' W,163,20.5715,-163.3429
C60,55° 51.4773' N,55,51.4773,55.858,163° 20.57844' W,163,20.5784,-163.343
C61,55° 49.48332' N,55,49.4833,55.8247,163° 20.58534' W,163,20.5853,-163.3431
C62,55° 47.48922' N,55,47.4892,55.7915,163° 20.59218' W,163,20.5922,-163.3432
C63,55° 45.49506' N,55,45.4951,55.7583,163° 20.59908' W,163,20.5991,-163.3433
C64,55° 43.50084' N,55,43.5008,55.725,163° 20.60592' W,163,20.6059,-163.3434
C65,55° 41.5065' N,55,41.5065,55.6918,163° 20.61276' W,163,20.6128,-163.3435
C66,55° 39.5121' N,55,39.5121,55.6585,163° 20.6196' W,163,20.6196,-163.3437
C67,55° 37.51758' N,55,37.5176,55.6253,163° 20.62644' W,163,20.6264,-163.3438
C68,55° 35.52294' N,55,35.5229,55.592,163° 20.63322' W,163,20.6332,-163.3439
C69,55° 33.52824' N,55,33.5282,55.5588,163° 20.64006' W,163,20.6401,-163.344
C70,55° 31.53348' N,55,31.5335,55.5256,163° 20.64684' W,163,20.6468,-163.3441
C71,55° 29.5386' N,55,29.5386,55.4923,163° 20.65356' W,163,20.6536,-163.3442
C72,55° 27.5436' N,55,27.5436,55.4591,163° 20.66034' W,163,20.6603,-163.3443
C73,55° 25.54854' N,55,25.5485,55.4258,163° 20.66712' W,163,20.6671,-163.3445
C74,55° 23.55336' N,55,23.5534,55.3926,163° 20.67384' W,163,20.6738,-163.3446
C75,55° 21.55812' N,55,21.5581,55.3593,163° 20.68056' W,163,20.6806,-163.3447
C76,55° 19.56276' N,55,19.5628,55.326,163° 20.68728' W,163,20.6873,-163.3448
C77,55° 17.56734' N,55,17.5673,55.2928,163° 20.694' W,163,20.694,-163.3449
C78,55° 15.5718' N,55,15.5718,55.2595,163° 20.70066' W,163,20.7007,-163.345
C79,55° 13.5762' N,55,13.5762,55.2263,163° 20.70732' W,163,20.7073,-163.3451
C80,55° 11.58048' N,55,11.5805,55.193,163° 20.71404' W,163,20.714,-163.3452
C81,55° 9.58464' N,55,9.5846,55.1597,163° 20.72064' W,163,20.7206,-163.3453
D1,57° 48.90264' N,57,48.9026,57.815,162° 52.02486' W,162,52.0249,-162.8671
D2,57° 46.91298' N,57,46.913,57.7819,162° 52.05894' W,162,52.0589,-162.8676
D3,57° 44.92326' N,57,44.9233,57.7487,162° 52.09302' W,162,52.093,-162.8682
D4,57° 42.93354' N,57,42.9335,57.7156,162° 52.12698' W,162,52.127,-162.8688
D5,57° 40.9437' N,57,40.9437,57.6824,162° 52.16094' W,162,52.1609,-162.8693
D6,57° 38.9538' N,57,38.9538,57.6492,162° 52.19478' W,162,52.1948,-162.8699
D7,57° 36.9639' N,57,36.9639,57.6161,162° 52.22862' W,162,52.2286,-162.8705
D8,57° 34.97388' N,57,34.9739,57.5829,162° 52.26234' W,162,52.2623,-162.871
D9,57° 32.9838' N,57,32.9838,57.5497,162° 52.296' W,162,52.296,-162.8716
D10,57° 30.99372' N,57,30.9937,57.5166,162° 52.32966' W,162,52.3297,-162.8722
D11,57° 29.00352' N,57,29.0035,57.4834,162° 52.3632' W,162,52.3632,-162.8727
D12,57° 27.01326' N,57,27.0133,57.4502,162° 52.39668' W,162,52.3967,-162.8733
D13,57° 25.02294' N,57,25.0229,57.417,162° 52.4301' W,162,52.4301,-162.8738
D14,57° 23.03256' N,57,23.0326,57.3839,162° 52.46346' W,162,52.4635,-162.8744
D15,57° 21.04218' N,57,21.0422,57.3507,162° 52.49676' W,162,52.4968,-162.8749
D16,57° 19.05168' N,57,19.0517,57.3175,162° 52.53' W,162,52.53,-162.8755
D17,57° 17.06112' N,57,17.0611,57.2844,162° 52.56318' W,162,52.5632,-162.8761
D18,57° 15.07044' N,57,15.0704,57.2512,162° 52.5963' W,162,52.5963,-162.8766
D19,57° 13.07976' N,57,13.0798,57.218,162° 52.62936' W,162,52.6294,-162.8772
D20,57° 11.08902' N,57,11.089,57.1848,162° 52.66236' W,162,52.6624,-162.8777
D21,57° 9.09816' N,57,9.0982,57.1516,162° 52.6953' W,162,52.6953,-162.8783
D22,57° 7.1073' N,57,7.1073,57.1185,162° 52.72818' W,162,52.7282,-162.8788
D23,57° 5.11632' N,57,5.1163,57.0853,162° 52.76094' W,162,52.7609,-162.8793
D24,57° 3.12528' N,57,3.1253,57.0521,162° 52.7937' W,162,52.7937,-162.8799
D25,57° 1.13418' N,57,1.1342,57.0189,162° 52.8264' W,162,52.8264,-162.8804
D26,56° 59.14302' N,56,59.143,56.9857,162° 52.85904' W,162,52.859,-162.881
D27,56° 57.1518' N,56,57.1518,56.9525,162° 52.89162' W,162,52.8916,-162.8815
D28,56° 55.16046' N,56,55.1605,56.9193,162° 52.92414' W,162,52.9241,-162.8821
D29,56° 53.16906' N,56,53.1691,56.8862,162° 52.9566' W,162,52.9566,-162.8826
D30,56° 51.17766' N,56,51.1777,56.853,162° 52.989' W,162,52.989,-162.8832
D31,56° 49.18608' N,56,49.1861,56.8198,162° 53.02128' W,162,53.0213,-162.8837
D32,56° 47.1945' N,56,47.1945,56.7866,162° 53.05356' W,162,53.0536,-162.8842
D33,56° 45.20286' N,56,45.2029,56.7534,162° 53.08578' W,162,53.0858,-162.8848
D34,56° 43.2111' N,56,43.2111,56.7202,162° 53.11794' W,162,53.1179,-162.8853
D35,56° 41.21928' N,56,41.2193,56.687,162° 53.15004' W,162,53.15,-162.8858
D36,56° 39.2274' N,56,39.2274,56.6538,162° 53.18208' W,162,53.1821,-162.8864
D37,56° 37.2354' N,56,37.2354,56.6206,162° 53.21406' W,162,53.2141,-162.8869
D38,56° 35.24334' N,56,35.2433,56.5874,162° 53.24598' W,162,53.246,-162.8874
D39,56° 33.25122' N,56,33.2512,56.5542,162° 53.27784' W,162,53.2778,-162.888
D40,56° 31.25904' N,56,31.259,56.521,162° 53.30964' W,162,53.3096,-162.8885
D41,56° 29.2668' N,56,29.2668,56.4878,162° 53.34144' W,162,53.3414,-162.889
D42,56° 27.27444' N,56,27.2744,56.4546,162° 53.37312' W,162,53.3731,-162.8896
D43,56° 25.28202' N,56,25.282,56.4214,162° 53.40474' W,162,53.4047,-162.8901
D44,56° 23.28948' N,56,23.2895,56.3882,162° 53.4363' W,162,53.4363,-162.8906
D45,56° 21.29688' N,56,21.2969,56.3549,162° 53.46786' W,162,53.4679,-162.8911
D46,56° 19.30422' N,56,19.3042,56.3217,162° 53.4993' W,162,53.4993,-162.8917
D47,56° 17.3115' N,56,17.3115,56.2885,162° 53.53068' W,162,53.5307,-162.8922
D48,56° 15.31866' N,56,15.3187,56.2553,162° 53.56206' W,162,53.5621,-162.8927
D49,56° 13.32576' N,56,13.3258,56.2221,162° 53.59338' W,162,53.5934,-162.8932
D50,56° 11.33274' N,56,11.3327,56.1889,162° 53.62458' W,162,53.6246,-162.8937
D51,56° 9.33966' N,56,9.3397,56.1557,162° 53.65578' W,162,53.6558,-162.8943
D52,56° 7.34652' N,56,7.3465,56.1224,162° 53.68692' W,162,53.6869,-162.8948
D53,56° 5.35332' N,56,5.3533,56.0892,162° 53.71794' W,162,53.7179,-162.8953
D54,56° 3.36' N,56,3.36,56.056,162° 53.74896' W,162,53.749,-162.8958
D55,56° 1.36656' N,56,1.3666,56.0228,162° 53.77992' W,162,53.7799,-162.8963
D56,55° 59.37306' N,55,59.3731,55.9896,162° 53.81082' W,162,53.8108,-162.8968
D57,55° 57.3795' N,55,57.3795,55.9563,162° 53.84166' W,162,53.8417,-162.8974
D58,55° 55.38582' N,55,55.3858,55.9231,162° 53.8725' W,162,53.8725,-162.8979
D59,55° 53.39208' N,55,53.3921,55.8899,162° 53.90322' W,162,53.9032,-162.8984
D60,55° 51.39828' N,55,51.3983,55.8566,162° 53.93388' W,162,53.9339,-162.8989
D61,55° 49.40436' N,55,49.4044,55.8234,162° 53.96454' W,162,53.9645,-162.8994
D62,55° 47.41032' N,55,47.4103,55.7902,162° 53.99508' W,162,53.9951,-162.8999
D63,55° 45.41622' N,55,45.4162,55.7569,162° 54.02562' W,162,54.0256,-162.9004
D64,55° 43.42206' N,55,43.4221,55.7237,162° 54.0561' W,162,54.0561,-162.9009
D65,55° 41.42778' N,55,41.4278,55.6905,162° 54.08652' W,162,54.0865,-162.9014
D66,55° 39.43344' N,55,39.4334,55.6572,162° 54.11682' W,162,54.1168,-162.9019
D67,55° 37.43898' N,55,37.439,55.624,162° 54.14712' W,162,54.1471,-162.9025
D68,55° 35.44446' N,55,35.4445,55.5907,162° 54.17742' W,162,54.1774,-162.903
D69,55° 33.44982' N,55,33.4498,55.5575,162° 54.2076' W,162,54.2076,-162.9035
D70,55° 31.45506' N,55,31.4551,55.5243,162° 54.23772' W,162,54.2377,-162.904
D71,55° 29.46024' N,55,29.4602,55.491,162° 54.26784' W,162,54.2678,-162.9045
D72,55° 27.46536' N,55,27.4654,55.4578,162° 54.29784' W,162,54.2978,-162.905
D73,55° 25.47036' N,55,25.4704,55.4245,162° 54.32784' W,162,54.3278,-162.9055
D74,55° 23.47524' N,55,23.4752,55.3913,162° 54.35778' W,162,54.3578,-162.906
E1,57° 48.71406' N,57,48.7141,57.8119,162° 23.9046' W,162,23.9046,-162.3984
E2,57° 46.72458' N,57,46.7246,57.7787,162° 23.96514' W,162,23.9651,-162.3994
E3,57° 44.73504' N,57,44.735,57.7456,162° 24.02556' W,162,24.0256,-162.4004
E4,57° 42.74544' N,57,42.7454,57.7124,162° 24.08592' W,162,24.0859,-162.4014
E5,57° 40.75578' N,57,40.7558,57.6793,162° 24.1461' W,162,24.1461,-162.4024
E6,57° 38.76612' N,57,38.7661,57.6461,162° 24.20622' W,162,24.2062,-162.4034
E7,57° 36.77634' N,57,36.7763,57.6129,162° 24.26622' W,162,24.2662,-162.4044
E8,57° 34.7865' N,57,34.7865,57.5798,162° 24.32604' W,162,24.326,-162.4054
E9,57° 32.7966' N,57,32.7966,57.5466,162° 24.38586' W,162,24.3859,-162.4064
E10,57° 30.80664' N,57,30.8066,57.5134,162° 24.4455' W,162,24.4455,-162.4074
E11,57° 28.81662' N,57,28.8166,57.4803,162° 24.50502' W,162,24.505,-162.4084
E12,57° 26.82654' N,57,26.8265,57.4471,162° 24.56448' W,162,24.5645,-162.4094
E13,57° 24.8364' N,57,24.8364,57.4139,162° 24.62376' W,162,24.6238,-162.4104
E14,57° 22.8462' N,57,22.8462,57.3808,162° 24.68298' W,162,24.683,-162.4114
E15,57° 20.85594' N,57,20.8559,57.3476,162° 24.74208' W,162,24.7421,-162.4124
E16,57° 18.86562' N,57,18.8656,57.3144,162° 24.80106' W,162,24.8011,-162.4134
E17,57° 16.87524' N,57,16.8752,57.2813,162° 24.85992' W,162,24.8599,-162.4143
E18,57° 14.88474' N,57,14.8847,57.2481,162° 24.91872' W,162,24.9187,-162.4153
E19,57° 12.89424' N,57,12.8942,57.2149,162° 24.9774' W,162,24.9774,-162.4163
E20,57° 10.90362' N,57,10.9036,57.1817,162° 25.0359' W,162,25.0359,-162.4173
E21,57° 8.913' N,57,8.913,57.1486,162° 25.0944' W,162,25.0944,-162.4182
E22,57° 6.92226' N,57,6.9223,57.1154,162° 25.15272' W,162,25.1527,-162.4192
E23,57° 4.93146' N,57,4.9315,57.0822,162° 25.21092' W,162,25.2109,-162.4202
E24,57° 2.9406' N,57,2.9406,57.049,162° 25.26906' W,162,25.2691,-162.4212
E25,57° 0.94962' N,57,0.9496,57.0158,162° 25.32708' W,162,25.3271,-162.4221
E26,56° 58.95864' N,56,58.9586,56.9826,162° 25.38498' W,162,25.385,-162.4231
E27,56° 56.96754' N,56,56.9675,56.9495,162° 25.44276' W,162,25.4428,-162.424
E28,56° 54.97638' N,56,54.9764,56.9163,162° 25.50048' W,162,25.5005,-162.425
E29,56° 52.98522' N,56,52.9852,56.8831,162° 25.55808' W,162,25.5581,-162.426
E30,56° 50.99388' N,56,50.9939,56.8499,162° 25.61556' W,162,25.6156,-162.4269
E31,56° 49.00254' N,56,49.0025,56.8167,162° 25.67292' W,162,25.6729,-162.4279
E32,56° 47.01108' N,56,47.0111,56.7835,162° 25.73022' W,162,25.7302,-162.4288
E33,56° 45.01956' N,56,45.0196,56.7503,162° 25.7874' W,162,25.7874,-162.4298
E34,56° 43.02798' N,56,43.028,56.7171,162° 25.84446' W,162,25.8445,-162.4307
E35,56° 41.03634' N,56,41.0363,56.6839,162° 25.9014' W,162,25.9014,-162.4317
E36,56° 39.04464' N,56,39.0446,56.6507,162° 25.95828' W,162,25.9583,-162.4326
E37,56° 37.05282' N,56,37.0528,56.6175,162° 26.01504' W,162,26.015,-162.4336
E38,56° 35.06094' N,56,35.0609,56.5843,162° 26.07168' W,162,26.0717,-162.4345
E39,56° 33.06894' N,56,33.0689,56.5511,162° 26.1282' W,162,26.1282,-162.4355
E40,56° 31.07694' N,56,31.0769,56.5179,162° 26.18466' W,162,26.1847,-162.4364
E41,56° 29.08482' N,56,29.0848,56.4847,162° 26.241' W,162,26.241,-162.4374
E42,56° 27.09258' N,56,27.0926,56.4515,162° 26.29722' W,162,26.2972,-162.4383
E43,56° 25.10034' N,56,25.1003,56.4183,162° 26.35338' W,162,26.3534,-162.4392
E44,56° 23.10798' N,56,23.108,56.3851,162° 26.40942' W,162,26.4094,-162.4402
E45,56° 21.11556' N,56,21.1156,56.3519,162° 26.46534' W,162,26.4653,-162.4411
E46,56° 19.12302' N,56,19.123,56.3187,162° 26.5212' W,162,26.5212,-162.442
E47,56° 17.13048' N,56,17.1305,56.2855,162° 26.57694' W,162,26.5769,-162.4429
E48,56° 15.13776' N,56,15.1378,56.2523,162° 26.63256' W,162,26.6326,-162.4439
E49,56° 13.14504' N,56,13.145,56.2191,162° 26.68812' W,162,26.6881,-162.4448
E50,56° 11.1522' N,56,11.1522,56.1859,162° 26.74356' W,162,26.7436,-162.4457
E51,56° 9.1593' N,56,9.1593,56.1527,162° 26.79888' W,162,26.7989,-162.4466
E52,56° 7.16628' N,56,7.1663,56.1194,162° 26.85408' W,162,26.8541,-162.4476
E53,56° 5.1732' N,56,5.1732,56.0862,162° 26.90922' W,162,26.9092,-162.4485
E54,56° 3.18' N,56,3.18,56.053,162° 26.9643' W,162,26.9643,-162.4494
E55,56° 1.1868' N,56,1.1868,56.0198,162° 27.0192' W,162,27.0192,-162.4503
E56,55° 59.19342' N,55,59.1934,55.9866,162° 27.07404' W,162,27.074,-162.4512
E57,55° 57.20004' N,55,57.2,55.9533,162° 27.12882' W,162,27.1288,-162.4521
E58,55° 55.20648' N,55,55.2065,55.9201,162° 27.18342' W,162,27.1834,-162.4531
E59,55° 53.21292' N,55,53.2129,55.8869,162° 27.23802' W,162,27.238,-162.454
E60,55° 51.21924' N,55,51.2192,55.8537,162° 27.29244' W,162,27.2924,-162.4549
E61,55° 49.22544' N,55,49.2254,55.8204,162° 27.3468' W,162,27.3468,-162.4558
E62,55° 47.23158' N,55,47.2316,55.7872,162° 27.40104' W,162,27.401,-162.4567
E63,55° 45.23766' N,55,45.2377,55.754,162° 27.45522' W,162,27.4552,-162.4576
E64,55° 43.24362' N,55,43.2436,55.7207,162° 27.50928' W,162,27.5093,-162.4585
E65,55° 41.24952' N,55,41.2495,55.6875,162° 27.56322' W,162,27.5632,-162.4594
E66,55° 39.2553' N,55,39.2553,55.6543,162° 27.6171' W,162,27.6171,-162.4603
E67,55° 37.26102' N,55,37.261,55.621,162° 27.67092' W,162,27.6709,-162.4612
F1,57° 48.42018' N,57,48.4202,57.807,161° 55.79076' W,161,55.7908,-161.9298
F2,57° 46.431' N,57,46.431,57.7739,161° 55.8777' W,161,55.8777,-161.9313
F3,57° 44.4417' N,57,44.4417,57.7407,161° 55.96452' W,161,55.9645,-161.9327
F4,57° 42.4524' N,57,42.4524,57.7075,161° 56.05116' W,161,56.0512,-161.9342
F5,57° 40.46304' N,57,40.463,57.6744,161° 56.13762' W,161,56.1376,-161.9356
F6,57° 38.47356' N,57,38.4736,57.6412,161° 56.22396' W,161,56.224,-161.9371
F7,57° 36.48408' N,57,36.4841,57.6081,161° 56.31012' W,161,56.3101,-161.9385
F8,57° 34.49448' N,57,34.4945,57.5749,161° 56.3961' W,161,56.3961,-161.9399
F9,57° 32.50488' N,57,32.5049,57.5417,161° 56.4819' W,161,56.4819,-161.9414
F10,57° 30.51516' N,57,30.5152,57.5086,161° 56.56758' W,161,56.5676,-161.9428
F11,57° 28.52544' N,57,28.5254,57.4754,161° 56.65308' W,161,56.6531,-161.9442
F12,57° 26.5356' N,57,26.5356,57.4423,161° 56.73846' W,161,56.7385,-161.9456
F13,57° 24.54576' N,57,24.5458,57.4091,161° 56.82366' W,161,56.8237,-161.9471
F14,57° 22.5558' N,57,22.5558,57.3759,161° 56.90868' W,161,56.9087,-161.9485
F15,57° 20.56578' N,57,20.5658,57.3428,161° 56.99358' W,161,56.9936,-161.9499
F16,57° 18.5757' N,57,18.5757,57.3096,161° 57.0783' W,161,57.0783,-161.9513
F17,57° 16.58556' N,57,16.5856,57.2764,161° 57.16284' W,161,57.1628,-161.9527
F18,57° 14.59536' N,57,14.5954,57.2433,161° 57.24726' W,161,57.2473,-161.9541
F19,57° 12.6051' N,57,12.6051,57.2101,161° 57.3315' W,161,57.3315,-161.9555
F20,57° 10.61478' N,57,10.6148,57.1769,161° 57.41556' W,161,57.4156,-161.9569
F21,57° 8.62434' N,57,8.6243,57.1437,161° 57.4995' W,161,57.4995,-161.9583
F22,57° 6.6339' N,57,6.6339,57.1106,161° 57.58332' W,161,57.5833,-161.9597
F23,57° 4.64334' N,57,4.6433,57.0774,161° 57.66696' W,161,57.667,-161.9611
F24,57° 2.65272' N,57,2.6527,57.0442,161° 57.75042' W,161,57.7504,-161.9625
F25,57° 0.66204' N,57,0.662,57.011,161° 57.83376' W,161,57.8338,-161.9639
F26,56° 58.6713' N,56,58.6713,56.9779,161° 57.91692' W,161,57.9169,-161.9653
F27,56° 56.6805' N,56,56.6805,56.9447,161° 57.9999' W,161,57.9999,-161.9667
F28,56° 54.68958' N,56,54.6896,56.9115,161° 58.08276' W,161,58.0828,-161.968
F29,56° 52.6986' N,56,52.6986,56.8783,161° 58.1655' W,161,58.1655,-161.9694
F30,56° 50.70756' N,56,50.7076,56.8451,161° 58.24806' W,161,58.2481,-161.9708
F31,56° 48.71646' N,56,48.7165,56.8119,161° 58.33044' W,161,58.3304,-161.9722
F32,56° 46.7253' N,56,46.7253,56.7788,161° 58.4127' W,161,58.4127,-161.9735
F33,56° 44.73402' N,56,44.734,56.7456,161° 58.49484' W,161,58.4948,-161.9749
F34,56° 42.74268' N,56,42.7427,56.7124,161° 58.5768' W,161,58.5768,-161.9763
F35,56° 40.75128' N,56,40.7513,56.6792,161° 58.65858' W,161,58.6586,-161.9776
F36,56° 38.75976' N,56,38.7598,56.646,161° 58.74024' W,161,58.7402,-161.979
F37,56° 36.76824' N,56,36.7682,56.6128,161° 58.82178' W,161,58.8218,-161.9804
F38,56° 34.7766' N,56,34.7766,56.5796,161° 58.90314' W,161,58.9031,-161.9817
F39,56° 32.7849' N,56,32.7849,56.5464,161° 58.98438' W,161,58.9844,-161.9831
F40,56° 30.79308' N,56,30.7931,56.5132,161° 59.06544' W,161,59.0654,-161.9844
F41,56° 28.8012' N,56,28.8012,56.48,161° 59.14632' W,161,59.1463,-161.9858
F42,56° 26.80926' N,56,26.8093,56.4468,161° 59.22714' W,161,59.2271,-161.9871
F43,56° 24.81726' N,56,24.8173,56.4136,161° 59.30772' W,161,59.3077,-161.9885
F44,56° 22.82514' N,56,22.8251,56.3804,161° 59.38824' W,161,59.3882,-161.9898
F45,56° 20.83296' N,56,20.833,56.3472,161° 59.46858' W,161,59.4686,-161.9911
F46,56° 18.84066' N,56,18.8407,56.314,161° 59.54874' W,161,59.5487,-161.9925
F47,56° 16.84836' N,56,16.8484,56.2808,161° 59.62878' W,161,59.6288,-161.9938
F48,56° 14.85588' N,56,14.8559,56.2476,161° 59.7087' W,161,59.7087,-161.9951
F49,56° 12.8634' N,56,12.8634,56.2144,161° 59.78844' W,161,59.7884,-161.9965
F50,56° 10.8708' N,56,10.8708,56.1812,161° 59.86806' W,161,59.8681,-161.9978
F51,56° 8.87814' N,56,8.8781,56.148,161° 59.94756' W,161,59.9476,-161.9991
F52,56° 6.88536' N,56,6.8854,56.1148,162° 0.02688' W,162,0.0269,-162.0004
F53,56° 4.89252' N,56,4.8925,56.0815,162° 0.10608' W,162,0.1061,-162.0018
F54,56° 2.89962' N,56,2.8996,56.0483,162° 0.1851' W,162,0.1851,-162.0031
F55,56° 0.9066' N,56,0.9066,56.0151,162° 0.264' W,162,0.264,-162.0044
F56,55° 58.91346' N,55,58.9135,55.9819,162° 0.34278' W,162,0.3428,-162.0057
F57,55° 56.92032' N,55,56.9203,55.9487,162° 0.42144' W,162,0.4214,-162.007
F58,55° 54.92706' N,55,54.9271,55.9155,162° 0.49992' W,162,0.4999,-162.0083
F59,55° 52.93368' N,55,52.9337,55.8822,162° 0.57822' W,162,0.5782,-162.0096
F60,55° 50.94024' N,55,50.9402,55.849,162° 0.65646' W,162,0.6565,-162.0109
G1,57° 48.02112' N,57,48.0211,57.8004,161° 27.6861' W,161,27.6861,-161.4614
G2,57° 46.03224' N,57,46.0322,57.7672,161° 27.7995' W,161,27.7995,-161.4633
G3,57° 44.04336' N,57,44.0434,57.7341,161° 27.9126' W,161,27.9126,-161.4652
G4,57° 42.05436' N,57,42.0544,57.7009,161° 28.02552' W,161,28.0255,-161.4671
G5,57° 40.06536' N,57,40.0654,57.6678,161° 28.13826' W,161,28.1383,-161.469
G6,57° 38.0763' N,57,38.0763,57.6346,161° 28.25076' W,161,28.2508,-161.4708
G7,57° 36.08712' N,57,36.0871,57.6015,161° 28.36302' W,161,28.363,-161.4727
G8,57° 34.09794' N,57,34.0979,57.5683,161° 28.47516' W,161,28.4752,-161.4746
G9,57° 32.10864' N,57,32.1086,57.5351,161° 28.587' W,161,28.587,-161.4765
G10,57° 30.11934' N,57,30.1193,57.502,161° 28.69866' W,161,28.6987,-161.4783
G11,57° 28.12992' N,57,28.1299,57.4688,161° 28.81014' W,161,28.8101,-161.4802
G12,57° 26.1405' N,57,26.1405,57.4357,161° 28.92138' W,161,28.9214,-161.482
G13,57° 24.15096' N,57,24.151,57.4025,161° 29.03244' W,161,29.0324,-161.4839
G14,57° 22.16136' N,57,22.1614,57.3694,161° 29.14326' W,161,29.1433,-161.4857
G15,57° 20.1717' N,57,20.1717,57.3362,161° 29.2539' W,161,29.2539,-161.4876
G16,57° 18.18198' N,57,18.182,57.303,161° 29.3643' W,161,29.3643,-161.4894
G17,57° 16.1922' N,57,16.1922,57.2699,161° 29.47452' W,161,29.4745,-161.4912
G18,57° 14.20236' N,57,14.2024,57.2367,161° 29.58456' W,161,29.5846,-161.4931
G19,57° 12.21246' N,57,12.2125,57.2035,161° 29.69436' W,161,29.6944,-161.4949
G20,57° 10.22244' N,57,10.2224,57.1704,161° 29.80398' W,161,29.804,-161.4967
G21,57° 8.23236' N,57,8.2324,57.1372,161° 29.91336' W,161,29.9134,-161.4986
G22,57° 6.24228' N,57,6.2423,57.104,161° 30.02262' W,161,30.0226,-161.5004
G23,57° 4.25208' N,57,4.2521,57.0709,161° 30.13158' W,161,30.1316,-161.5022
G24,57° 2.26182' N,57,2.2618,57.0377,161° 30.24042' W,161,30.2404,-161.504
G25,57° 0.27144' N,57,0.2714,57.0045,161° 30.34902' W,161,30.349,-161.5058
G26,56° 58.28106' N,56,58.2811,56.9714,161° 30.45744' W,161,30.4574,-161.5076
G27,56° 56.29056' N,56,56.2906,56.9382,161° 30.56562' W,161,30.5656,-161.5094
G28,56° 54.3' N,56,54.3,56.905,161° 30.67362' W,161,30.6736,-161.5112
G29,56° 52.30938' N,56,52.3094,56.8718,161° 30.78144' W,161,30.7814,-161.513
G30,56° 50.3187' N,56,50.3187,56.8386,161° 30.88908' W,161,30.8891,-161.5148
G31,56° 48.32796' N,56,48.328,56.8055,161° 30.99648' W,161,30.9965,-161.5166
G32,56° 46.3371' N,56,46.3371,56.7723,161° 31.1037' W,161,31.1037,-161.5184
G33,56° 44.34618' N,56,44.3462,56.7391,161° 31.21074' W,161,31.2107,-161.5202
G34,56° 42.3552' N,56,42.3552,56.7059,161° 31.31754' W,161,31.3175,-161.522
G35,56° 40.3641' N,56,40.3641,56.6727,161° 31.42416' W,161,31.4242,-161.5237
G36,56° 38.37294' N,56,38.3729,56.6395,161° 31.5306' W,161,31.5306,-161.5255
G37,56° 36.38172' N,56,36.3817,56.6064,161° 31.63686' W,161,31.6369,-161.5273
G38,56° 34.39044' N,56,34.3904,56.5732,161° 31.74294' W,161,31.7429,-161.529
G39,56° 32.39904' N,56,32.399,56.54,161° 31.84878' W,161,31.8488,-161.5308
G40,56° 30.40758' N,56,30.4076,56.5068,161° 31.95444' W,161,31.9544,-161.5326
G41,56° 28.41606' N,56,28.4161,56.4736,161° 32.05992' W,161,32.0599,-161.5343
G42,56° 26.42442' N,56,26.4244,56.4404,161° 32.16522' W,161,32.1652,-161.5361
G43,56° 24.43278' N,56,24.4328,56.4072,161° 32.27028' W,161,32.2703,-161.5378
G44,56° 22.44096' N,56,22.441,56.374,161° 32.37522' W,161,32.3752,-161.5396
G45,56° 20.44914' N,56,20.4491,56.3408,161° 32.47992' W,161,32.4799,-161.5413
G46,56° 18.4572' N,56,18.4572,56.3076,161° 32.58444' W,161,32.5844,-161.5431
G47,56° 16.4652' N,56,16.4652,56.2744,161° 32.68878' W,161,32.6888,-161.5448
G48,56° 14.47308' N,56,14.4731,56.2412,161° 32.79294' W,161,32.7929,-161.5465
G49,56° 12.4809' N,56,12.4809,56.208,161° 32.89692' W,161,32.8969,-161.5483
G50,56° 10.4886' N,56,10.4886,56.1748,161° 33.00066' W,161,33.0007,-161.55
G51,56° 8.4963' N,56,8.4963,56.1416,161° 33.10428' W,161,33.1043,-161.5517
G52,56° 6.50382' N,56,6.5038,56.1084,161° 33.20766' W,161,33.2077,-161.5535
G53,56° 4.51134' N,56,4.5113,56.0752,161° 33.31092' W,161,33.3109,-161.5552
G54,56° 2.51874' N,56,2.5187,56.042,161° 33.41394' W,161,33.4139,-161.5569
G55,56° 0.52602' N,56,0.526,56.0088,161° 33.51678' W,161,33.5168,-161.5586
G56,55° 58.53324' N,55,58.5332,55.9756,161° 33.61944' W,161,33.6194,-161.5603
H1,57° 49.50516' N,57,49.5052,57.8251,160° 59.45352' W,160,59.4535,-160.9909
H2,57° 47.51682' N,57,47.5168,57.7919,160° 59.5935' W,160,59.5935,-160.9932
H3,57° 45.52842' N,57,45.5284,57.7588,160° 59.73318' W,160,59.7332,-160.9956
H4,57° 43.53996' N,57,43.54,57.7257,160° 59.87262' W,160,59.8726,-160.9979
H5,57° 41.55144' N,57,41.5514,57.6925,161° 0.01182' W,161,0.0118,-161.0002
H6,57° 39.56292' N,57,39.5629,57.6594,161° 0.15072' W,161,0.1507,-161.0025
H7,57° 37.57428' N,57,37.5743,57.6262,161° 0.28938' W,161,0.2894,-161.0048
H8,57° 35.58558' N,57,35.5856,57.5931,161° 0.4278' W,161,0.4278,-161.0071
H9,57° 33.59682' N,57,33.5968,57.5599,161° 0.56592' W,161,0.5659,-161.0094
H10,57° 31.608' N,57,31.608,57.5268,161° 0.7038' W,161,0.7038,-161.0117
H11,57° 29.61912' N,57,29.6191,57.4937,161° 0.84144' W,161,0.8414,-161.014
H12,57° 27.63018' N,57,27.6302,57.4605,161° 0.97884' W,161,0.9788,-161.0163
H13,57° 25.64118' N,57,25.6412,57.4274,161° 1.11594' W,161,1.1159,-161.0186
H14,57° 23.65212' N,57,23.6521,57.3942,161° 1.2528' W,161,1.2528,-161.0209
H15,57° 21.66294' N,57,21.6629,57.361,161° 1.38942' W,161,1.3894,-161.0232
H16,57° 19.67376' N,57,19.6738,57.3279,161° 1.52574' W,161,1.5257,-161.0254
H17,57° 17.68446' N,57,17.6845,57.2947,161° 1.66188' W,161,1.6619,-161.0277
H18,57° 15.69516' N,57,15.6952,57.2616,161° 1.79772' W,161,1.7977,-161.03
H19,57° 13.70574' N,57,13.7057,57.2284,161° 1.93332' W,161,1.9333,-161.0322
H20,57° 11.71626' N,57,11.7163,57.1953,161° 2.06868' W,161,2.0687,-161.0345
H21,57° 9.72672' N,57,9.7267,57.1621,161° 2.20374' W,161,2.2037,-161.0367
H22,57° 7.73712' N,57,7.7371,57.129,161° 2.33862' W,161,2.3386,-161.039
H23,57° 5.7474' N,57,5.7474,57.0958,161° 2.4732' W,161,2.4732,-161.0412
H24,57° 3.75762' N,57,3.7576,57.0626,161° 2.60754' W,161,2.6075,-161.0435
H25,57° 1.76784' N,57,1.7678,57.0295,161° 2.74164' W,161,2.7416,-161.0457
H26,56° 59.77794' N,56,59.7779,56.9963,161° 2.8755' W,161,2.8755,-161.0479
H27,56° 57.78792' N,56,57.7879,56.9631,161° 3.00912' W,161,3.0091,-161.0502
H28,56° 55.7979' N,56,55.7979,56.93,161° 3.1425' W,161,3.1425,-161.0524
H29,56° 53.80776' N,56,53.8078,56.8968,161° 3.27558' W,161,3.2756,-161.0546
H30,56° 51.81762' N,56,51.8176,56.8636,161° 3.40848' W,161,3.4085,-161.0568
H31,56° 49.82736' N,56,49.8274,56.8305,161° 3.54114' W,161,3.5411,-161.059
H32,56° 47.83698' N,56,47.837,56.7973,161° 3.6735' W,161,3.6735,-161.0612
H33,56° 45.8466' N,56,45.8466,56.7641,161° 3.80568' W,161,3.8057,-161.0634
H34,56° 43.8561' N,56,43.8561,56.7309,161° 3.93756' W,161,3.9376,-161.0656
H35,56° 41.86554' N,56,41.8655,56.6978,161° 4.06926' W,161,4.0693,-161.0678
H36,56° 39.87486' N,56,39.8749,56.6646,161° 4.20066' W,161,4.2007,-161.07
H37,56° 37.88418' N,56,37.8842,56.6314,161° 4.33188' W,161,4.3319,-161.0722
H38,56° 35.89338' N,56,35.8934,56.5982,161° 4.4628' W,161,4.4628,-161.0744
H39,56° 33.90246' N,56,33.9025,56.565,161° 4.59354' W,161,4.5935,-161.0766
H40,56° 31.91154' N,56,31.9115,56.5319,161° 4.72398' W,161,4.724,-161.0787
H41,56° 29.9205' N,56,29.9205,56.4987,161° 4.85424' W,161,4.8542,-161.0809
H42,56° 27.9294' N,56,27.9294,56.4655,161° 4.98426' W,161,4.9843,-161.0831
H43,56° 25.93818' N,56,25.9382,56.4323,161° 5.11404' W,161,5.114,-161.0852
H44,56° 23.9469' N,56,23.9469,56.3991,161° 5.24352' W,161,5.2435,-161.0874
H45,56° 21.95556' N,56,21.9556,56.3659,161° 5.37282' W,161,5.3728,-161.0895
H46,56° 19.96416' N,56,19.9642,56.3327,161° 5.50194' W,161,5.5019,-161.0917
H47,56° 17.97264' N,56,17.9726,56.2995,161° 5.63076' W,161,5.6308,-161.0938
H48,56° 15.981' N,56,15.981,56.2664,161° 5.75934' W,161,5.7593,-161.096
H49,56° 13.9893' N,56,13.9893,56.2332,161° 5.88774' W,161,5.8877,-161.0981
H50,56° 11.99754' N,56,11.9975,56.2,161° 6.01584' W,161,6.0158,-161.1003
H51,56° 10.00572' N,56,10.0057,56.1668,161° 6.14376' W,161,6.1438,-161.1024
H52,56° 8.01378' N,56,8.0138,56.1336,161° 6.27144' W,161,6.2714,-161.1045
H53,56° 6.02178' N,56,6.0218,56.1004,161° 6.39888' W,161,6.3989,-161.1066
H54,56° 4.02966' N,56,4.0297,56.0672,161° 6.52614' W,161,6.5261,-161.1088
I1,57° 48.89514' N,57,48.8951,57.8149,160° 31.34934' W,160,31.3493,-160.5225
I2,57° 46.9074' N,57,46.9074,57.7818,160° 31.51566' W,160,31.5157,-160.5253
I3,57° 44.91954' N,57,44.9195,57.7487,160° 31.68168' W,160,31.6817,-160.528
I4,57° 42.93168' N,57,42.9317,57.7155,160° 31.8474' W,160,31.8474,-160.5308
I5,57° 40.9437' N,57,40.9437,57.6824,160° 32.01276' W,160,32.0128,-160.5335
I6,57° 38.95572' N,57,38.9557,57.6493,160° 32.17788' W,160,32.1779,-160.5363
I7,57° 36.96762' N,57,36.9676,57.6161,160° 32.34264' W,160,32.3426,-160.539
I8,57° 34.97946' N,57,34.9795,57.583,160° 32.5071' W,160,32.5071,-160.5418
I9,57° 32.9913' N,57,32.9913,57.5499,160° 32.67126' W,160,32.6713,-160.5445
I10,57° 31.00302' N,57,31.003,57.5167,160° 32.83512' W,160,32.8351,-160.5473
I11,57° 29.01468' N,57,29.0147,57.4836,160° 32.99868' W,160,32.9987,-160.55
I12,57° 27.02628' N,57,27.0263,57.4504,160° 33.16188' W,160,33.1619,-160.5527
I13,57° 25.03782' N,57,25.0378,57.4173,160° 33.32484' W,160,33.3248,-160.5554
I14,57° 23.0493' N,57,23.0493,57.3842,160° 33.4875' W,160,33.4875,-160.5581
I15,57° 21.06066' N,57,21.0607,57.351,160° 33.6498' W,160,33.6498,-160.5608
I16,57° 19.07202' N,57,19.072,57.3179,160° 33.81186' W,160,33.8119,-160.5635
I17,57° 17.08326' N,57,17.0833,57.2847,160° 33.97356' W,160,33.9736,-160.5662
I18,57° 15.09444' N,57,15.0944,57.2516,160° 34.13502' W,160,34.135,-160.5689
I19,57° 13.10562' N,57,13.1056,57.2184,160° 34.29618' W,160,34.2962,-160.5716
I20,57° 11.11662' N,57,11.1166,57.1853,160° 34.45698' W,160,34.457,-160.5743
I21,57° 9.12762' N,57,9.1276,57.1521,160° 34.61754' W,160,34.6175,-160.577
I22,57° 7.13856' N,57,7.1386,57.119,160° 34.7778' W,160,34.7778,-160.5796
I23,57° 5.14938' N,57,5.1494,57.0858,160° 34.93776' W,160,34.9378,-160.5823
I24,57° 3.16014' N,57,3.1601,57.0527,160° 35.09742' W,160,35.0974,-160.585
I25,57° 1.17084' N,57,1.1708,57.0195,160° 35.25678' W,160,35.2568,-160.5876
I26,56° 59.18148' N,56,59.1815,56.9864,160° 35.41584' W,160,35.4158,-160.5903
I27,56° 57.19206' N,56,57.1921,56.9532,160° 35.5746' W,160,35.5746,-160.5929
I28,56° 55.20252' N,56,55.2025,56.92,160° 35.73312' W,160,35.7331,-160.5956
I29,56° 53.21292' N,56,53.2129,56.8869,160° 35.89128' W,160,35.8913,-160.5982
I30,56° 51.22326' N,56,51.2233,56.8537,160° 36.0492' W,160,36.0492,-160.6008
I31,56° 49.23354' N,56,49.2335,56.8206,160° 36.20682' W,160,36.2068,-160.6034
I32,56° 47.2437' N,56,47.2437,56.7874,160° 36.36414' W,160,36.3641,-160.6061
I33,56° 45.2538' N,56,45.2538,56.7542,160° 36.52122' W,160,36.5212,-160.6087
I34,56° 43.26384' N,56,43.2638,56.7211,160° 36.67794' W,160,36.6779,-160.6113
I35,56° 41.27382' N,56,41.2738,56.6879,160° 36.83442' W,160,36.8344,-160.6139
I36,56° 39.28368' N,56,39.2837,56.6547,160° 36.9906' W,160,36.9906,-160.6165
I37,56° 37.29348' N,56,37.2935,56.6216,160° 37.14654' W,160,37.1465,-160.6191
I38,56° 35.30316' N,56,35.3032,56.5884,160° 37.30212' W,160,37.3021,-160.6217
I39,56° 33.31284' N,56,33.3128,56.5552,160° 37.45746' W,160,37.4575,-160.6243
I40,56° 31.3224' N,56,31.3224,56.522,160° 37.61256' W,160,37.6126,-160.6269
I41,56° 29.33184' N,56,29.3318,56.4889,160° 37.7673' W,160,37.7673,-160.6295
I42,56° 27.34128' N,56,27.3413,56.4557,160° 37.9218' W,160,37.9218,-160.632
I43,56° 25.3506' N,56,25.3506,56.4225,160° 38.076' W,160,38.076,-160.6346
I44,56° 23.3598' N,56,23.3598,56.3893,160° 38.22996' W,160,38.23,-160.6372
I45,56° 21.36894' N,56,21.3689,56.3561,160° 38.38362' W,160,38.3836,-160.6397
I46,56° 19.37802' N,56,19.378,56.323,160° 38.53698' W,160,38.537,-160.6423
I47,56° 17.38704' N,56,17.387,56.2898,160° 38.6901' W,160,38.6901,-160.6448
I48,56° 15.39594' N,56,15.3959,56.2566,160° 38.84292' W,160,38.8429,-160.6474
I49,56° 13.40472' N,56,13.4047,56.2234,160° 38.9955' W,160,38.9955,-160.6499
I50,56° 11.4135' N,56,11.4135,56.1902,160° 39.14778' W,160,39.1478,-160.6525
I51,56° 9.4221' N,56,9.4221,56.157,160° 39.29976' W,160,39.2998,-160.655
I52,56° 7.4307' N,56,7.4307,56.1238,160° 39.4515' W,160,39.4515,-160.6575
I53,56° 5.43918' N,56,5.4392,56.0907,160° 39.60294' W,160,39.6029,-160.66
I54,56° 3.44754' N,56,3.4475,56.0575,160° 39.75414' W,160,39.7541,-160.6626
J1,57° 48.18006' N,57,48.1801,57.803,160° 3.26274' W,160,3.2627,-160.0544
J2,57° 46.19298' N,57,46.193,57.7699,160° 3.4554' W,160,3.4554,-160.0576
J3,57° 44.20578' N,57,44.2058,57.7368,160° 3.64764' W,160,3.6476,-160.0608
J4,57° 42.21852' N,57,42.2185,57.7036,160° 3.83958' W,160,3.8396,-160.064
J5,57° 40.23126' N,57,40.2313,57.6705,160° 4.0311' W,160,4.0311,-160.0672
J6,57° 38.24388' N,57,38.2439,57.6374,160° 4.22232' W,160,4.2223,-160.0704
J7,57° 36.25644' N,57,36.2564,57.6043,160° 4.41318' W,160,4.4132,-160.0736
J8,57° 34.26894' N,57,34.2689,57.5711,160° 4.60362' W,160,4.6036,-160.0767
J9,57° 32.28138' N,57,32.2814,57.538,160° 4.79376' W,160,4.7938,-160.0799
J10,57° 30.29376' N,57,30.2938,57.5049,160° 4.98354' W,160,4.9835,-160.0831
J11,57° 28.30602' N,57,28.306,57.4718,160° 5.17296' W,160,5.173,-160.0862
J12,57° 26.31828' N,57,26.3183,57.4386,160° 5.36202' W,160,5.362,-160.0894
J13,57° 24.33042' N,57,24.3304,57.4055,160° 5.55078' W,160,5.5508,-160.0925
J14,57° 22.34256' N,57,22.3426,57.3724,160° 5.73912' W,160,5.7391,-160.0957
J15,57° 20.35458' N,57,20.3546,57.3392,160° 5.92716' W,160,5.9272,-160.0988
J16,57° 18.36654' N,57,18.3665,57.3061,160° 6.11484' W,160,6.1148,-160.1019
J17,57° 16.37844' N,57,16.3784,57.273,160° 6.30216' W,160,6.3022,-160.105
J18,57° 14.39028' N,57,14.3903,57.2398,160° 6.48912' W,160,6.4891,-160.1082
J19,57° 12.402' N,57,12.402,57.2067,160° 6.67578' W,160,6.6758,-160.1113
J20,57° 10.41372' N,57,10.4137,57.1736,160° 6.86202' W,160,6.862,-160.1144
J21,57° 8.42532' N,57,8.4253,57.1404,160° 7.04796' W,160,7.048,-160.1175
J22,57° 6.43686' N,57,6.4369,57.1073,160° 7.2336' W,160,7.2336,-160.1206
J23,57° 4.44834' N,57,4.4483,57.0741,160° 7.41882' W,160,7.4188,-160.1236
J24,57° 2.4597' N,57,2.4597,57.041,160° 7.60374' W,160,7.6037,-160.1267
J25,57° 0.471' N,57,0.471,57.0079,160° 7.78836' W,160,7.7884,-160.1298
J26,56° 58.4823' N,56,58.4823,56.9747,160° 7.97256' W,160,7.9726,-160.1329
J27,56° 56.49342' N,56,56.4934,56.9416,160° 8.15646' W,160,8.1565,-160.1359
J28,56° 54.50454' N,56,54.5045,56.9084,160° 8.34006' W,160,8.3401,-160.139
J29,56° 52.51554' N,56,52.5155,56.8753,160° 8.5233' W,160,8.5233,-160.1421
J30,56° 50.52654' N,56,50.5265,56.8421,160° 8.70618' W,160,8.7062,-160.1451
J31,56° 48.53736' N,56,48.5374,56.809,160° 8.88876' W,160,8.8888,-160.1481
J32,56° 46.54818' N,56,46.5482,56.7758,160° 9.07098' W,160,9.071,-160.1512
J33,56° 44.55888' N,56,44.5589,56.7426,160° 9.25284' W,160,9.2528,-160.1542
J34,56° 42.56952' N,56,42.5695,56.7095,160° 9.4344' W,160,9.4344,-160.1572
J35,56° 40.5801' N,56,40.5801,56.6763,160° 9.61566' W,160,9.6157,-160.1603
J36,56° 38.59056' N,56,38.5906,56.6432,160° 9.79656' W,160,9.7966,-160.1633
J37,56° 36.60096' N,56,36.601,56.61,160° 9.9771' W,160,9.9771,-160.1663
J38,56° 34.6113' N,56,34.6113,56.5769,160° 10.15734' W,160,10.1573,-160.1693
J39,56° 32.62152' N,56,32.6215,56.5437,160° 10.33728' W,160,10.3373,-160.1723
J40,56° 30.63168' N,56,30.6317,56.5105,160° 10.51686' W,160,10.5169,-160.1753
J41,56° 28.64178' N,56,28.6418,56.4774,160° 10.69614' W,160,10.6961,-160.1783
J42,56° 26.65176' N,56,26.6518,56.4442,160° 10.87506' W,160,10.8751,-160.1813
K1,57° 49.34628' N,57,49.3463,57.8224,159° 34.97724' W,159,34.9772,-159.583
K2,57° 47.35998' N,57,47.36,57.7893,159° 35.19654' W,159,35.1965,-159.5866
K3,57° 45.37362' N,57,45.3736,57.7562,159° 35.41542' W,159,35.4154,-159.5903
K4,57° 43.3872' N,57,43.3872,57.7231,159° 35.63388' W,159,35.6339,-159.5939
K5,57° 41.40066' N,57,41.4007,57.69,159° 35.85198' W,159,35.852,-159.5975
K6,57° 39.41412' N,57,39.4141,57.6569,159° 36.0696' W,159,36.0696,-159.6012
K7,57° 37.42746' N,57,37.4275,57.6238,159° 36.28686' W,159,36.2869,-159.6048
K8,57° 35.4408' N,57,35.4408,57.5907,159° 36.50376' W,159,36.5038,-159.6084
K9,57° 33.45402' N,57,33.454,57.5576,159° 36.72018' W,159,36.7202,-159.612
K10,57° 31.46718' N,57,31.4672,57.5245,159° 36.93624' W,159,36.9362,-159.6156
K11,57° 29.48028' N,57,29.4803,57.4913,159° 37.15188' W,159,37.1519,-159.6192
K12,57° 27.49332' N,57,27.4933,57.4582,159° 37.3671' W,159,37.3671,-159.6228
K13,57° 25.5063' N,57,25.5063,57.4251,159° 37.58196' W,159,37.582,-159.6264
K14,57° 23.51916' N,57,23.5192,57.392,159° 37.7964' W,159,37.7964,-159.6299
K15,57° 21.53202' N,57,21.532,57.3589,159° 38.01042' W,159,38.0104,-159.6335
K16,57° 19.54476' N,57,19.5448,57.3257,159° 38.22408' W,159,38.2241,-159.6371
K17,57° 17.55744' N,57,17.5574,57.2926,159° 38.43732' W,159,38.4373,-159.6406
K18,57° 15.57006' N,57,15.5701,57.2595,159° 38.6502' W,159,38.6502,-159.6442
K19,57° 13.58262' N,57,13.5826,57.2264,159° 38.86266' W,159,38.8627,-159.6477
K20,57° 11.59512' N,57,11.5951,57.1933,159° 39.07476' W,159,39.0748,-159.6512
K21,57° 9.6075' N,57,9.6075,57.1601,159° 39.28644' W,159,39.2864,-159.6548
K22,57° 7.61982' N,57,7.6198,57.127,159° 39.4977' W,159,39.4977,-159.6583
K23,57° 5.63208' N,57,5.6321,57.0939,159° 39.7086' W,159,39.7086,-159.6618
K24,57° 3.64428' N,57,3.6443,57.0607,159° 39.91914' W,159,39.9191,-159.6653
K25,57° 1.65636' N,57,1.6564,57.0276,159° 40.12926' W,159,40.1293,-159.6688
K26,56° 59.66838' N,56,59.6684,56.9945,159° 40.33896' W,159,40.339,-159.6723
K27,56° 57.68034' N,56,57.6803,56.9613,159° 40.54836' W,159,40.5484,-159.6758
K28,56° 55.69224' N,56,55.6922,56.9282,159° 40.75734' W,159,40.7573,-159.6793
K29,56° 53.70402' N,56,53.704,56.8951,159° 40.9659' W,159,40.9659,-159.6828
K30,56° 51.71574' N,56,51.7157,56.8619,159° 41.1741' W,159,41.1741,-159.6862
K31,56° 49.7274' N,56,49.7274,56.8288,159° 41.38194' W,159,41.3819,-159.6897
K32,56° 47.739' N,56,47.739,56.7957,159° 41.58936' W,159,41.5894,-159.6932
K33,56° 45.75048' N,56,45.7505,56.7625,159° 41.79648' W,159,41.7965,-159.6966
K34,56° 43.7619' N,56,43.7619,56.7294,159° 42.00312' W,159,42.0031,-159.7001
K35,56° 41.7732' N,56,41.7732,56.6962,159° 42.20946' W,159,42.2095,-159.7035
K36,56° 39.78444' N,56,39.7844,56.6631,159° 42.41538' W,159,42.4154,-159.7069
K37,56° 37.79562' N,56,37.7956,56.6299,159° 42.62094' W,159,42.6209,-159.7103
