"","CRUISEJOIN","HAULJOIN","REGION","SURVEY_YEAR","VESSEL","CRUISE","HAUL","HAUL_TYPE","PERFORMANCE","START_TIME","DURATION","DISTANCE_FISHED","NET_WIDTH","NET_MEASURED","NET_HEIGHT","STRATUM","START_LATITUDE","END_LATITUDE","START_LONGITUDE","END_LONGITUDE","MID_LATITUDE","MID_LONGITUDE","STATIONID","GIS_STATION","GEAR_DEPTH","BOTTOM_DEPTH","BOTTOM_TYPE","SURFACE_TEMPERATURE","GEAR_TEMPERATURE","WIRE_LENGTH","GEAR","ACCESSORIES","SUBSAMPLE"
"1",965532,965744,"BS",1999,89,199901,193,17,0,"14-JUL-99",0.52,2.852,17.05,"N",2.098,10,57.6628,57.67434,-162.77,-162.7285,57.66857,-162.74925,"I-09","I-09",43,45,NA,6.3,3.7,183,44,15,2
"2",965532,965715,"BS",1999,89,199901,194,17,0,"14-JUL-99",0.52,2.984,17.274,"Y",2.148,10,57.65436,57.63255,-162.1569,-162.1298,57.64346,-162.14335,"I-10","I-10",44,46,NA,6.8,3.2,183,44,15,2
"3",965532,965747,"BS",1999,89,199901,195,17,0,"15-JUL-99",0.51,2.865,17.05,"N",2.097,10,57.66359,57.641,-161.5133,-161.5329,57.6523,-161.5231,"I-11","I-11",51,53,NA,4.7,2.8,183,44,15,2
"4",965532,965716,"BS",1999,89,199901,196,17,0,"15-JUL-99",0.53,2.949,17.778,"N",1.909,31,57.65401,57.62918,-160.8989,-160.8852,57.6416,-160.89205,"I-12","I-12",55,57,NA,5.8,2.8,229,44,15,2
"5",965532,965714,"BS",1999,89,199901,197,17,0,"15-JUL-99",0.51,2.773,17.05,"N",1.956,31,57.65231,57.62786,-160.2696,-160.2728,57.64009,-160.2712,"I-13","I-13",53,55,NA,3.9,3.2,183,44,15,2
"6",965532,965717,"BS",1999,89,199901,198,17,0,"15-JUL-99",0.53,3.381,17.778,"N",1.885,31,57.35294,57.33928,-160.315,-160.3551,57.34611,-160.33505,"H-13","H-13",58,60,NA,5.2,2.4,229,44,15,2
"7",965532,965718,"BS",1999,89,199901,199,17,0,"15-JUL-99",0.53,3.132,12.228,"Y",2.145,31,57.34075,57.34772,-160.9039,-160.9486,57.34424,-160.92625,"H-12","H-12",59,61,NA,7,1.8,229,44,15,2
"8",965532,965719,"BS",1999,89,199901,200,17,0,"16-JUL-99",0.54,2.938,17.635,"Y",2.076,31,57.33322,57.31746,-161.5291,-161.56689,57.32534,-161.548,"H-11","H-11",55,55,NA,5.2,NA,229,44,15,2
"9",965532,965720,"BS",1999,89,199901,201,17,0,"16-JUL-99",0.52,2.918,17.588,"Y",2.136,10,57.328,57.32897,-162.1267,-162.1741,57.32849,-162.1504,"H-10","H-10",48,50,NA,6.7,3,183,44,15,2
"10",965532,965721,"BS",1999,89,199901,202,17,0,"16-JUL-99",0.52,2.789,17.709,"Y",1.955,10,57.3229,57.29824,-162.7381,-162.7355,57.31057,-162.7368,"H-09","H-09",48,50,NA,7.6,2.3,183,44,15,2
"11",965532,965748,"BS",1999,89,199901,203,17,0,"16-JUL-99",0.53,2.843,17.975,"Y",2.127,31,57.01117,56.98587,-162.7976,-162.7965,56.99852,-162.79705,"G-09","G-09",59,61,NA,9.3,1.3,229,44,15,2
"12",965532,965722,"BS",1999,89,199901,204,17,0,"16-JUL-99",0.51,2.79,17.775,"Y",2.003,31,56.68952,56.68889,-162.7675,-162.7228,56.68921,-162.74515,"F-09","F-09",68,70,NA,9.3,1.5,229,44,15,2
"13",965532,965723,"BS",1999,89,199901,205,17,0,"17-JUL-99",0.52,2.794,17.697,"Y",2.202,31,56.67768,56.70185,-162.2065,-162.2146,56.68977,-162.21055,"F-10","F-10",68,70,NA,9.2,1,229,44,15,2
"14",965532,965724,"BS",1999,89,199901,206,17,0,"17-JUL-99",0.53,2.845,17.437,"Y",1.875,31,56.99001,56.98763,-162.1722,-162.1262,56.98882,-162.1492,"G-10","G-10",59,61,NA,8.7,1.6,229,44,15,2
"15",965532,965689,"BS",1999,89,199901,207,17,0,"17-JUL-99",0.51,2.878,17.786,"Y",2.172,31,56.99037,56.96693,-161.5856,-161.6028,56.97865,-161.5942,"G-11","G-11",67,69,NA,7.9,1.2,229,44,15,2
"16",965532,965725,"BS",1999,89,199901,209,17,3.1,"17-JUL-99",0.3,1.682,17.978,"Y",1.853,31,56.6926,56.68874,-161.487,-161.4608,56.69067,-161.4739,"F-11","F-11",84,86,NA,9.3,1.8,320,44,15,2
"17",965532,965726,"BS",1999,89,199901,210,17,0,"17-JUL-99",0.52,2.858,17.412,"Y",1.976,31,56.67899,56.70448,-160.99,-160.989,56.69174,-160.9895,"F-12","F-12",64,66,NA,5.4,1.8,229,44,15,2
"18",965532,965688,"BS",1999,89,199901,211,17,0,"18-JUL-99",0.5,2.688,17.878,"Y",1.846,31,57.01469,57.01986,-160.8677,-160.8252,57.01728,-160.84645,"G-12","G-12",72,74,NA,6.1,2,229,44,15,2
"19",965532,965757,"BS",1999,89,199901,212,17,0,"18-JUL-99",0.52,2.959,17.653,"Y",2.043,31,56.98293,56.95794,-160.3658,-160.3792,56.97044,-160.3725,"G-13","G-13",59,61,NA,6.2,2.6,229,44,15,2
"20",965532,965740,"BS",1999,89,199901,213,17,0,"18-JUL-99",0.36,1.955,17.998,"Y",1.98,31,56.67184,56.6639,-160.4114,-160.4393,56.66787,-160.42535,"F-13","F-13",60,62,NA,6.2,3.2,229,44,15,2
"21",965532,965758,"BS",1999,89,199901,214,17,0,"18-JUL-99",0.51,2.834,17.05,"N",1.941,10,56.34708,56.33734,-160.9796,-161.0211,56.34221,-161.00035,"E-12","E-12",52,54,NA,9.3,4,183,44,15,2
"22",965532,965759,"BS",1999,89,199901,215,17,0,"18-JUL-99",0.52,2.832,17.778,"N",2.214,10,56.32325,56.30662,-161.6139,-161.6473,56.31494,-161.6306,"E-11","E-11",62,64,NA,8.9,4.1,229,44,15,2
"23",965532,965731,"BS",1999,89,199901,217,17,0,"19-JUL-99",0.28,1.577,17.048,"Y",NA,31,56.31799,56.31297,-162.2776,-162.301,56.31548,-162.2893,"E-10","E-10",80,80,NA,9.9,2.5,274,44,15,2
"24",965532,965756,"BS",1999,89,199901,218,17,0,"19-JUL-99",0.52,2.834,17.419,"Y",NA,31,56.01186,56.00115,-162.2654,-162.3058,56.00651,-162.2856,"D-10","D-10",71,71,NA,9.7,3.1,274,44,15,2
"25",965532,965749,"BS",1999,89,199901,219,17,0,"20-JUL-99",0.33,1.703,17.05,"N",NA,10,55.68682,55.69489,-162.81441,-162.79201,55.69086,-162.80321,"C-09","C-09",51,51,NA,7.8,3.6,183,44,15,2
"26",965532,965732,"BS",1999,89,199901,220,17,0,"20-JUL-99",0.52,2.857,18.253,"N",NA,31,55.97634,55.99038,-162.8109,-162.77361,55.98336,-162.79226,"D-09","D-09",78,78,NA,7.8,2.6,274,44,15,2
"27",965532,965733,"BS",1999,89,199901,221,17,0,"20-JUL-99",0.53,2.904,18.253,"N",NA,31,56.30957,56.30762,-162.8101,-162.85629,56.3086,-162.8332,"E-09","E-09",76,77,NA,8.7,2,274,44,15,2
"28",965532,965735,"BS",1999,89,199901,223,17,0,"20-JUL-99",0.51,2.803,18.253,"N",NA,31,56.33082,56.30848,-163.4079,-163.4267,56.31965,-163.4173,"E-08","E-08",83,84,NA,8.8,1.5,274,44,15,2
"29",965532,965736,"BS",1999,89,199901,224,17,0,"20-JUL-99",0.51,2.771,18.253,"N",NA,31,56.02401,56.00342,-163.422,-163.44501,56.01372,-163.43351,"D-08","D-08",86,88,NA,8.4,2.2,274,44,15,2
"30",965532,965753,"BS",1999,89,199901,225,17,0,"20-JUL-99",0.52,2.766,18.253,"N",NA,31,55.69483,55.67196,-163.4194,-163.4297,55.6834,-163.42455,"C-08","C-08",81,82,NA,8.2,2.9,274,44,15,2
"31",965532,965737,"BS",1999,89,199901,226,17,0,"20-JUL-99",0.5,2.93,17.05,"N",NA,31,55.35076,55.32571,-163.42799,-163.43469,55.33824,-163.43134,"B-08","B-08",51,53,NA,7.9,5.1,183,44,15,2
"32",1010676,1023464,"BS",2000,88,200001,187,17,0,"19-JUL-00",0.5,2.64,17.173,"Y",2.219,31,57.00506,57.02842,-162.16701,-162.17011,57.01674,-162.16856,"G-10","G-10",57,59,NA,8.6,3.2,229,44,15,7
"33",1010676,1023465,"BS",2000,88,200001,188,17,0,"19-JUL-00",0.49,2.696,16.945,"Y",2.194,10,57.34181,57.36575,-162.14999,-162.14751,57.35378,-162.14875,"H-10","H-10",50,52,NA,6.6,4.2,183,44,15,7
"34",1010676,1023466,"BS",2000,88,200001,189,17,0,"19-JUL-00",0.51,2.812,17.346,"Y",1.977,31,57.32415,57.34847,-161.53931,-161.53081,57.33631,-161.53506,"H-11","H-11",54,56,NA,6.2,2.5,274,44,15,7
"35",1010676,1023467,"BS",2000,88,200001,190,17,0,"19-JUL-00",0.49,2.798,17.363,"Y",2.04,31,57.32537,57.34977,-160.93311,-160.9261,57.33757,-160.92961,"H-12","H-12",60,62,NA,7,3.3,229,44,15,7
"36",1010676,1023468,"BS",2000,88,200001,191,17,0,"19-JUL-00",0.51,2.714,17.185,"Y",1.895,31,57.3278,57.35203,-160.3008,-160.30051,57.33992,-160.30066,"H-13","H-13",58,60,NA,6.9,4.9,229,44,15,7
"37",1010676,1023469,"BS",2000,88,200001,192,17,0,"20-JUL-00",0.52,2.843,16.857,"Y",2.01,10,57.68613,57.66213,-159.6295,-159.6167,57.67413,-159.6231,"I-14","I-14",48,50,NA,8.2,5.8,183,44,15,7
"38",1010676,1023470,"BS",2000,88,200001,193,17,0,"20-JUL-00",0.51,2.81,16.083,"Y",2.217,10,57.34912,57.32488,-159.0742,-159.08321,57.337,-159.07871,"H-15","H-15",46,48,NA,7.8,6.9,183,44,15,7
"39",1010676,1023471,"BS",2000,88,200001,194,17,0,"20-JUL-00",0.52,2.927,17.414,"Y",1.919,10,57.33107,57.35676,-159.6716,-159.6657,57.34392,-159.66865,"H-14","H-14",54,56,NA,6.6,5.6,229,44,15,7
"40",1010676,1023472,"BS",2000,88,200001,195,17,0,"20-JUL-00",0.51,2.845,16.868,"Y",2.018,10,57.00586,57.03036,-159.7075,-159.6981,57.01811,-159.7028,"G-14","G-14",55,57,NA,8.6,5.9,229,44,15,7
"41",1010676,1023473,"BS",2000,88,200001,196,17,0,"20-JUL-00",0.5,2.712,16.293,"Y",2.075,10,56.65988,56.68362,-159.7397,-159.73801,56.67175,-159.73886,"F-14","F-14",33,35,NA,9.6,9.2,137,44,15,7
"42",1010676,1023474,"BS",2000,88,200001,197,17,0,"21-JUL-00",0.51,2.794,17.075,"Y",2.051,31,56.65841,56.68324,-160.37379,-160.37241,56.67083,-160.3731,"F-13","F-13",58,60,NA,8.9,5.5,229,44,15,7
"43",1010676,1023475,"BS",2000,88,200001,198,17,0,"21-JUL-00",0.51,2.802,17.356,"Y",1.848,31,56.99153,57.01604,-160.3392,-160.33299,57.00379,-160.3361,"G-13","G-13",61,63,NA,7.7,3.9,229,44,15,7
"44",1010676,1023476,"BS",2000,88,200001,199,17,0,"21-JUL-00",0.5,2.843,17.747,"Y",1.785,31,56.99085,56.96559,-160.9485,-160.9511,56.97822,-160.9498,"G-12","G-12",66,68,NA,9,3.2,229,44,15,7
"45",1010676,1023477,"BS",2000,88,200001,200,17,0,"21-JUL-00",0.5,2.769,17.236,"Y",1.877,31,56.65285,56.67712,-160.9722,-160.9666,56.66499,-160.9694,"F-12","F-12",68,70,NA,9.2,4.5,274,44,15,7
"46",1010676,1023478,"BS",2000,88,200001,201,17,0,"21-JUL-00",0.5,2.73,16.257,"Y",2.008,10,56.3206,56.34486,-161.00121,-160.9991,56.33273,-161.00016,"E-12","E-12",50,52,NA,8.9,7.7,183,44,15,7
"47",1010676,1023479,"BS",2000,88,200001,202,17,0,"21-JUL-00",0.5,2.761,16.956,"Y",2.087,10,56.3212,56.34563,-161.61819,-161.621,56.33342,-161.6196,"E-11","E-11",61,63,NA,9.1,5.7,229,44,15,7
"48",1010676,1023480,"BS",2000,88,200001,203,17,0,"22-JUL-00",0.5,2.724,17.221,"Y",1.802,31,57.00874,56.98483,-161.5659,-161.56081,56.99679,-161.56336,"G-11","G-11",67,69,NA,7.9,2.7,229,44,15,7
"49",1010676,1023481,"BS",2000,88,200001,204,17,0,"22-JUL-00",0.51,2.873,16.157,"Y",1.812,31,56.66203,56.63728,-161.5867,-161.5961,56.64966,-161.5914,"F-11","F-11",87,89,NA,9.2,3,320,44,15,7
"50",1010676,1023482,"BS",2000,88,200001,205,17,0,"22-JUL-00",0.5,2.756,16.583,"Y",1.902,31,56.65244,56.67687,-162.1826,-162.18559,56.66466,-162.1841,"F-10","F-10",70,72,NA,8.7,3,274,44,15,7
"51",1010676,1023483,"BS",2000,88,200001,206,17,0,"22-JUL-00",0.52,2.857,16.205,"Y",2.044,31,56.3189,56.29452,-162.1994,-162.2104,56.30671,-162.2049,"E-10","E-10",73,75,NA,NA,3.5,274,44,15,7
"52",1010676,1023484,"BS",2000,88,200001,207,17,0,"22-JUL-00",0.52,2.806,15.857,"Y",2.303,31,55.99362,55.9686,-162.23579,-162.2377,55.98111,-162.23675,"D-10","D-10",63,65,NA,9.8,4.7,274,44,15,7
"53",1010676,1023485,"BS",2000,88,200001,208,17,0,"23-JUL-00",0.51,2.827,16.613,"Y",2.116,31,56.33423,56.31052,-162.7986,-162.8116,56.32238,-162.8051,"E-09","E-09",76,78,NA,9.6,2.4,274,44,15,7
"54",1010676,1023486,"BS",2000,88,200001,209,17,0,"23-JUL-00",0.5,2.781,16.654,"Y",1.997,31,55.99346,55.96921,-162.82001,-162.8268,55.98134,-162.82341,"D-09","D-09",76,78,NA,8.6,4.7,274,44,15,7
"55",-635,-5690,"BS",2009,88,200901,197,17,0,"27-JUL-09",0.516,2.847,16.237,"Y",2.819,31,57.02372,57.00836,-162.8223,-162.7849,57.01604,-162.8036,"G-09","G-09",57,60,NA,9.8,2.5,229,44,15,2
"56",-635,-5691,"BS",2009,88,200901,198,17,0,"27-JUL-09",0.526,2.885,16.479,"Y",2.733,31,56.98431,56.99738,-162.16879,-162.2097,56.99085,-162.18925,"G-10","G-10",58,61,NA,7.6,3.3,229,44,15,2
"57",-635,-5692,"BS",2009,88,200901,199,17,0,"27-JUL-09",0.508,2.815,15.741,"Y",2.596,10,57.33013,57.35185,-162.1548,-162.1308,57.34099,-162.1428,"H-10","H-10",49,52,NA,8.1,3.6,183,44,15,2
"58",-635,-5693,"BS",2009,88,200901,200,17,0,"27-JUL-09",0.521,2.906,15.866,"Y",2.806,31,57.32754,57.35321,-161.5363,-161.5274,57.34038,-161.53185,"H-11","H-11",54,57,NA,8.5,3.5,229,44,15,2
"59",-635,-5694,"BS",2009,88,200901,201,17,0,"27-JUL-09",0.507,2.835,15.574,"Y",2.855,10,57.66606,57.6707,-161.50459,-161.4581,57.66838,-161.48135,"I-11","I-11",50,53,NA,8.3,3.5,183,44,15,2
"60",-635,-5695,"BS",2009,88,200901,202,17,0,"28-JUL-09",0.51,2.797,16.89,"N",2.889,31,57.32265,57.34765,-160.9371,-160.9319,57.33515,-160.9345,"H-12","H-12",60,63,NA,7.8,3,229,44,15,2
"61",-635,-5696,"BS",2009,88,200901,203,17,0,"28-JUL-09",0.497,2.749,13.916,"Y",2.934,31,57.66596,57.66364,-160.8979,-160.8522,57.6648,-160.87505,"I-12","I-12",53,56,NA,7.5,3,183,44,15,2
"62",-635,-5697,"BS",2009,88,200901,204,17,0,"28-JUL-09",0.506,2.799,14.783,"Y",2.819,31,57.66914,57.64857,-160.2757,-160.2487,57.65886,-160.2622,"I-13","I-13",51,54,NA,5.5,5.6,183,44,15,2
"63",-635,-5698,"BS",2009,88,200901,205,17,0,"28-JUL-09",0.522,2.85,16.89,"N",2.788,31,57.34524,57.32005,-160.29691,-160.3058,57.33265,-160.30136,"H-13","H-13",59,62,NA,5.2,4.7,229,44,15,2
"64",-635,-5699,"BS",2009,88,200901,206,17,0,"28-JUL-09",0.502,2.782,14.984,"Y",2.835,31,57.01221,56.99395,-160.3132,-160.34441,57.00308,-160.32881,"G-13","G-13",61,64,NA,8.6,4.2,229,44,15,2
"65",-635,-5700,"BS",2009,88,200901,207,17,0,"28-JUL-09",0.512,2.821,15.425,"Y",2.838,31,57.01003,56.99096,-160.93449,-160.9651,57.0005,-160.9498,"G-12","G-12",62,65,NA,8.3,3.1,229,44,15,2
"66",-635,-5701,"BS",2009,88,200901,208,17,0,"29-JUL-09",0.509,2.797,16.89,"N",2.782,31,57.02381,57.01196,-161.5787,-161.53819,57.01789,-161.55845,"G-11","G-11",66,69,NA,7.7,2.6,229,44,15,2
"67",-635,-5703,"BS",2009,88,200901,210,17,0,"29-JUL-09",0.536,2.926,15.513,"Y",2.575,31,56.66896,56.66545,-161.6179,-161.57069,56.66721,-161.5943,"F-11","F-11",86,89,NA,8.6,2.3,320,44,15,2
"68",-635,-5705,"BS",2009,88,200901,212,17,2.4,"29-JUL-09",0.518,2.801,16.805,"Y",2.784,31,56.66641,56.65051,-162.14771,-162.183,56.65846,-162.16536,"F-10","F-10",72,75,NA,9.3,2.6,274,44,15,2
"69",-635,-5706,"BS",2009,88,200901,213,17,0,"29-JUL-09",0.521,2.861,16.919,"Y",2.691,31,56.35749,56.33545,-162.1653,-162.1891,56.34647,-162.1772,"E-10","E-10",76,79,NA,9.4,3,274,44,15,2
"70",-635,-5707,"BS",2009,88,200901,214,17,0,"30-JUL-09",0.512,2.779,15.539,"Y",2.797,31,56.00219,55.98849,-162.2518,-162.289,55.99534,-162.2704,"D-10","D-10",68,71,NA,9.6,3.9,229,44,15,2
"71",-634,-5750,"BS",2009,89,200901,193,17,0,"27-JUL-09",0.58,3.131,17.461,"Y",2.045,10,57.33057,57.32946,-162.7905,-162.73869,57.33002,-162.7646,"H-09","H-09",47,49,NA,8.5,3.8,183,44,15,2
"72",-634,-5751,"BS",2009,89,200901,194,17,0,"27-JUL-09",0.518,2.957,16.588,"Y",2.344,10,57.65314,57.67934,-162.7549,-162.7634,57.66624,-162.75915,"I-09","I-09",41,43,NA,7.3,5.8,137,44,15,2
"73",-634,-5752,"BS",2009,89,200901,195,17,0,"27-JUL-09",0.541,2.994,16.555,"Y",2.114,10,57.67783,57.68255,-162.1859,-162.1366,57.68019,-162.16125,"I-10","I-10",45,47,NA,5.8,5.3,183,44,15,2
"74",-634,-5753,"BS",2009,89,200901,196,17,0,"27-JUL-09",0.529,2.953,15.799,"Y",2.738,10,58.00055,57.99994,-162.1532,-162.10339,58.00025,-162.1283,"J-10","J-10",35,38,NA,5.7,5.6,137,44,15,2
"75",-634,-5754,"BS",2009,89,200901,197,17,1.12,"27-JUL-09",0.517,2.872,16.107,"Y",2.552,10,58.00033,58.00078,-161.5647,-161.5163,58.00056,-161.5405,"J-11","J-11",53,56,NA,5.3,5.4,183,44,15,2
"76",-634,-5755,"BS",2009,89,200901,198,17,0,"27-JUL-09",0.539,2.924,16.961,"Y",2.076,10,58.00208,57.9988,-160.8812,-160.83231,58.00044,-160.85676,"J-12","J-12",43,45,NA,6.3,5.3,183,44,15,2
"77",-634,-5756,"BS",2009,89,200901,199,17,0,"28-JUL-09",0.528,2.858,16.384,"Y",2.189,10,58.00286,58.00255,-160.2525,-160.2043,58.00271,-160.2284,"J-13","J-13",49,51,NA,6,6.1,183,44,15,2
"78",-634,-5757,"BS",2009,89,200901,200,17,0,"28-JUL-09",0.519,2.875,16.272,"Y",2.079,10,57.9985,57.99324,-159.6442,-159.5967,57.99587,-159.62045,"J-14","J-14",40,42,NA,6.8,6.8,137,44,15,2
"79",-634,-5758,"BS",2009,89,200901,201,17,0,"28-JUL-09",0.546,3.07,15.527,"Y",2.629,10,57.67793,57.65222,-159.6308,-159.64951,57.66508,-159.64016,"I-14","I-14",46,49,NA,6.3,6.3,183,44,15,2
"80",-634,-5759,"BS",2009,89,200901,202,17,0,"28-JUL-09",0.52,2.813,16.022,"Y",2.423,10,57.34591,57.32481,-159.65179,-159.6776,57.33536,-159.6647,"H-14","H-14",52,54,NA,5.9,5.9,183,44,15,2
"81",-634,-5760,"BS",2009,89,200901,203,17,0,"28-JUL-09",0.548,2.974,16.265,"Y",2.21,10,57.01456,56.98794,-159.7325,-159.72749,57.00125,-159.73,"G-14","G-14",56,58,NA,6.2,5.7,229,44,15,2
"82",-626,-3790,"BS",2007,89,200701,188,17,0,"23-JUL-07",0.52,2.919,16.305,"Y",2.041,10,57.6674,57.67402,-163.3465,-163.29919,57.67071,-163.32285,"I-08","I-08",46,48,NA,5.7,3.5,183,44,15,3
"83",-626,-3791,"BS",2007,89,200701,189,17,0,"24-JUL-07",0.517,2.856,16.76,"Y",1.574,10,58.01172,57.98731,-160.2066,-160.2217,57.99952,-160.21415,"J-13","J-13",50,52,NA,7.5,4.7,183,44,15,2
"84",-626,-3792,"BS",2007,89,200701,190,17,0,"24-JUL-07",0.507,2.783,16.636,"Y",1.799,31,57.67664,57.65345,-160.2632,-160.2805,57.66505,-160.27185,"I-13","I-13",54,56,NA,8.6,3.9,183,44,15,2
"85",-626,-3793,"BS",2007,89,200701,191,17,0,"24-JUL-07",0.524,2.907,15.497,"Y",2.153,31,57.33886,57.32184,-160.2877,-160.3242,57.33035,-160.30595,"H-13","H-13",60,62,NA,6.9,3.3,229,44,15,2
"86",-626,-3794,"BS",2007,89,200701,192,17,0,"24-JUL-07",0.523,2.882,16.678,"Y",1.772,31,57.00647,56.9809,-160.34061,-160.34891,56.99369,-160.34476,"G-13","G-13",61,63,NA,8.4,3.2,229,44,15,2
"87",-626,-3795,"BS",2007,89,200701,193,17,0,"24-JUL-07",0.526,2.876,17.211,"N",1.699,31,56.66984,56.65515,-160.351,-160.3896,56.6625,-160.3703,"F-13","F-13",58,60,NA,8.4,3.7,229,44,15,1
"88",-626,-3796,"BS",2007,89,200701,194,17,0,"25-JUL-07",0.51,2.83,16.66,"N",1.734,10,56.32145,56.34669,-161.0027,-160.99719,56.33407,-160.99995,"E-12","E-12",53,55,NA,9.2,5.3,183,44,15,2
"89",-626,-3797,"BS",2007,89,200701,195,17,0,"25-JUL-07",0.516,2.822,17.211,"N",2.032,31,56.6556,56.68097,-160.9875,-160.99001,56.66829,-160.98876,"F-12","F-12",66,68,NA,8.7,3.2,229,44,15,2
"90",-626,-3798,"BS",2007,89,200701,196,17,0,"25-JUL-07",0.519,2.863,17.211,"N",1.708,31,56.99075,57.01511,-160.9518,-160.9673,57.00293,-160.95955,"G-12","G-12",61,63,NA,8.5,3,229,44,15,2
"91",-626,-3799,"BS",2007,89,200701,197,17,0,"25-JUL-07",0.518,2.868,17.626,"Y",1.697,31,57.31174,57.33742,-160.9357,-160.9314,57.32458,-160.93355,"H-12","H-12",62,64,NA,8.9,2.6,229,44,15,2
"92",-626,-3800,"BS",2007,89,200701,198,17,4,"25-JUL-07",0.505,2.789,16.66,"N",1.786,31,57.65436,57.67927,-160.88429,-160.8786,57.66682,-160.88145,"I-12","I-12",55,57,NA,10.4,2,183,44,15,2
"93",-626,-3801,"BS",2007,89,200701,199,17,0,"26-JUL-07",0.518,2.884,16.66,"N",1.819,10,57.98478,58.01073,-160.8438,-160.84399,57.99776,-160.8439,"J-12","J-12",45,47,NA,8.7,3.6,183,44,15,2
"94",-626,-3802,"BS",2007,89,200701,200,17,0,"26-JUL-07",0.517,2.894,16.612,"Y",1.85,10,58.00752,57.98148,-161.4834,-161.4839,57.9945,-161.48365,"J-11","J-11",54,56,NA,11.3,3.8,183,44,15,2
"95",-626,-3803,"BS",2007,89,200701,201,17,0,"26-JUL-07",0.512,2.819,16.583,"Y",1.795,10,57.6803,57.65509,-161.5051,-161.5103,57.6677,-161.5077,"I-11","I-11",51,53,NA,8.6,3,183,44,15,2
"96",-626,-3804,"BS",2007,89,200701,202,17,0,"26-JUL-07",0.509,2.836,16.84,"Y",1.797,31,57.34452,57.31904,-161.53169,-161.5345,57.33178,-161.5331,"H-11","H-11",54,56,NA,11,2.8,183,44,15,2
"97",-626,-3805,"BS",2007,89,200701,203,17,0,"26-JUL-07",0.512,2.854,17.211,"N",1.576,31,57.00323,56.97755,-161.56461,-161.5649,56.99039,-161.56476,"G-11","G-11",67,69,NA,10.9,2.5,229,44,15,2
"98",-626,-3806,"BS",2007,89,200701,204,17,0,"27-JUL-07",0.526,2.936,17.834,"N",1.717,31,56.67907,56.65269,-161.5813,-161.58051,56.66588,-161.58091,"F-11","F-11",89,91,NA,9.9,2.8,320,44,15,2
"99",-626,-3807,"BS",2007,89,200701,205,17,0,"27-JUL-07",0.519,2.924,16.478,"Y",1.974,10,56.3387,56.3251,-161.5947,-161.6351,56.3319,-161.6149,"E-11","E-11",63,65,NA,9.8,3.9,229,44,15,2
"100",-626,-3808,"BS",2007,89,200701,206,17,0,"27-JUL-07",0.512,2.838,16.283,"Y",2.114,31,56.00255,55.98701,-162.2561,-162.2921,55.99478,-162.2741,"D-10","D-10",69,71,NA,10.5,2.8,229,44,15,2
"101",-626,-3809,"BS",2007,89,200701,207,17,0,"27-JUL-07",0.523,2.914,17.571,"N",1.703,31,56.33005,56.34932,-162.21291,-162.181,56.33969,-162.19696,"E-10","E-10",77,79,NA,10.5,2.5,274,44,15,3
"102",-626,-3810,"BS",2007,89,200701,208,17,0,"27-JUL-07",0.526,2.935,17.54,"Y",1.785,31,56.65091,56.67626,-162.15601,-162.14281,56.66359,-162.14941,"F-10","F-10",73,75,NA,9.8,2.4,274,44,15,2
"103",-626,-3811,"BS",2007,89,200701,209,17,0,"28-JUL-07",0.523,2.905,17.505,"Y",1.547,31,56.98259,57.00634,-162.17709,-162.1969,56.99447,-162.187,"G-10","G-10",61,63,NA,8.9,2.4,274,44,15,2
"104",-626,-3812,"BS",2007,89,200701,210,17,0,"28-JUL-07",0.515,2.829,16.66,"N",1.7,10,57.31381,57.33915,-162.1546,-162.1501,57.32648,-162.15235,"H-10","H-10",50,52,NA,10.6,4.1,183,44,15,2
"105",-626,-3813,"BS",2007,89,200701,211,17,0,"28-JUL-07",0.521,2.845,16.66,"N",1.579,10,57.64579,57.67136,-162.13361,-162.131,57.65858,-162.13231,"I-10","I-10",45,47,NA,8.5,4.8,183,44,15,2
"106",-626,-3814,"BS",2007,89,200701,212,17,0,"28-JUL-07",0.515,2.845,15.739,"N",1.933,10,57.98407,58.00935,-162.10609,-162.1136,57.99671,-162.10985,"J-10","J-10",35,37,NA,10.6,7.2,137,44,15,2
"107",-626,-3815,"BS",2007,89,200701,213,17,0,"28-JUL-07",0.526,2.929,16.66,"N",1.645,10,57.68412,57.66861,-162.7148,-162.7543,57.67637,-162.73455,"I-09","I-09",42,44,NA,9.9,5.4,183,44,15,2
"108",-626,-3816,"BS",2007,89,200701,214,17,0,"29-JUL-07",0.518,2.885,16.66,"N",1.54,10,57.3329,57.33152,-162.7621,-162.8098,57.33221,-162.78595,"H-09","H-09",49,51,NA,9.2,3,183,44,15,2
"109",-626,-3818,"BS",2007,89,200701,216,17,0,"29-JUL-07",0.514,2.86,16.66,"N",1.782,10,57.34967,57.32399,-163.3726,-163.37109,57.33683,-163.37185,"H-08","H-08",52,54,NA,9.5,2,183,44,15,2
"110",-626,-3819,"BS",2007,89,200701,217,17,0,"29-JUL-07",0.516,2.86,17.211,"N",1.545,31,57.01249,57.00683,-163.3922,-163.34641,57.00966,-163.36931,"G-08","G-08",64,66,NA,9.9,1.5,229,44,15,2
"111",-626,-3820,"BS",2007,89,200701,218,17,0,"29-JUL-07",0.522,2.926,17.211,"N",1.629,31,57.01716,56.99368,-162.80791,-162.7861,57.00542,-162.79701,"G-09","G-09",59,61,NA,8.6,2.4,229,44,15,2
"112",-626,-3821,"BS",2007,89,200701,219,17,0,"29-JUL-07",0.508,2.813,17.211,"N",1.553,31,56.68824,56.66293,-162.79849,-162.7997,56.67559,-162.7991,"F-09","F-09",70,72,NA,10.2,1.8,229,44,15,2
"113",-626,-3822,"BS",2007,89,200701,220,17,3.13,"30-JUL-07",0.488,2.722,17.571,"N",1.584,31,56.66841,56.64985,-163.39661,-163.36771,56.65913,-163.38216,"F-08","F-08",75,77,NA,10.2,1.2,274,44,15,2
"114",-615,-11679,"BS",2006,88,200601,191,17,0,"19-JUL-06",0.516,2.806,16.131,"Y",NA,10,57.66661,57.6748,-163.3541,-163.3098,57.67071,-163.33195,"I-08","I-08",45,47,NA,6.3,5,274,44,15,2
"115",-615,-11680,"BS",2006,88,200601,192,17,0,"19-JUL-06",0.52,2.953,16.577,"Y",NA,10,57.66559,57.68322,-162.758,-162.7211,57.67441,-162.73955,"I-09","I-09",41,43,NA,6.7,5.8,183,44,15,1
"116",-615,-11681,"BS",2006,88,200601,193,17,0,"19-JUL-06",0.52,3.024,15.742,"Y",NA,10,57.66571,57.68351,-162.14079,-162.1026,57.67461,-162.1217,"I-10","I-10",44,46,NA,7.1,5.5,183,44,15,2
"117",-615,-11682,"BS",2006,88,200601,194,17,0,"19-JUL-06",0.514,2.99,15.355,"Y",2.558,10,57.66576,57.66843,-161.4944,-161.4447,57.6671,-161.46955,"I-11","I-11",24,27,NA,NA,NA,183,44,15,2
"118",-615,-11683,"BS",2006,88,200601,195,17,0,"19-JUL-06",0.507,2.852,15.45,"Y",2.233,10,57.97768,58.00335,-161.4951,-161.4951,57.99052,-161.4951,"J-11","J-11",52,54,NA,9.7,4.8,183,44,15,2
"119",-615,-11684,"BS",2006,88,200601,196,17,0,"20-JUL-06",0.526,2.953,16.059,"Y",2.269,31,57.65565,57.68222,-160.8857,-160.884,57.66894,-160.88485,"I-12","I-12",55,57,NA,8.7,3.2,229,44,15,2
"120",-615,-11685,"BS",2006,88,200601,197,17,0,"20-JUL-06",0.517,2.924,15.436,"N",2.429,10,57.98365,58.00993,-160.84419,-160.8416,57.99679,-160.8429,"J-12","J-12",43,46,NA,8.7,4.5,183,44,15,2
"121",-615,-11686,"BS",2006,88,200601,198,17,0,"20-JUL-06",0.509,2.874,16.037,"N",2.182,10,58.00238,57.99289,-160.2485,-160.20351,57.99764,-160.22601,"J-13","J-13",48,50,NA,7.4,4.9,183,44,15,2
"122",-615,-11687,"BS",2006,88,200601,199,17,0,"20-JUL-06",0.503,2.862,15.085,"Y",2.4,31,57.67962,57.65637,-160.2597,-160.2803,57.668,-160.27,"I-13","I-13",50,52,NA,8.2,4.9,183,44,15,2
"123",-615,-11688,"BS",2006,88,200601,200,17,0,"20-JUL-06",0.514,2.851,16.208,"N",2.217,31,57.34356,57.32907,-160.27451,-160.31351,57.33632,-160.29401,"H-13","H-13",59,61,NA,7.5,5,229,44,15,2
"124",-615,-11689,"BS",2006,88,200601,201,17,0,"21-JUL-06",0.515,2.886,15.768,"Y",2.337,31,57.34167,57.32108,-160.93719,-160.9081,57.33138,-160.92265,"H-12","H-12",62,64,NA,7.7,4.4,229,44,15,2
"125",-615,-11690,"BS",2006,88,200601,202,17,0,"21-JUL-06",0.514,2.9,16.067,"Y",2.261,31,57.01081,56.98495,-160.9472,-160.9407,56.99788,-160.94395,"G-12","G-12",63,65,NA,8.5,4.1,229,44,15,2
"126",-615,-11691,"BS",2006,88,200601,203,17,0,"21-JUL-06",0.523,2.948,15.711,"Y",2.295,31,57.0115,56.98533,-160.3369,-160.34489,56.99842,-160.3409,"G-13","G-13",60,62,NA,9,4.5,229,44,15,2
"127",-615,-11692,"BS",2006,88,200601,204,17,0,"21-JUL-06",0.523,2.962,14.975,"Y",2.521,31,56.66841,56.65108,-160.35761,-160.3942,56.65975,-160.37591,"F-13","F-13",54,57,NA,9.1,4.9,229,44,15,2
"128",-615,-11693,"BS",2006,88,200601,205,17,0,"21-JUL-06",0.505,2.846,15.925,"Y",2.202,31,56.65957,56.66875,-160.95219,-160.99541,56.66416,-160.9738,"F-12","F-12",67,69,NA,9.3,4.3,229,44,15,2
"129",-615,-11694,"BS",2006,88,200601,206,17,0,"21-JUL-06",0.499,2.828,15.971,"N",2.209,10,56.35046,56.32622,-160.99719,-160.9832,56.33834,-160.9902,"E-12","E-12",52,54,NA,8.8,5.5,183,44,15,2
"130",-615,-11695,"BS",2006,88,200601,207,17,0,"22-JUL-06",0.507,2.863,15.243,"Y",2.447,10,56.3104,56.33541,-161.63229,-161.6212,56.32291,-161.62675,"E-11","E-11",62,65,NA,9.8,3.8,229,44,15,2
"131",-615,-11696,"BS",2006,88,200601,208,17,0,"22-JUL-06",0.526,2.918,15.869,"Y",2.184,31,56.65963,56.68581,-161.61011,-161.6068,56.67272,-161.60846,"F-11","F-11",86,88,NA,9.1,3.3,320,44,15,2
"132",-615,-11697,"BS",2006,88,200601,209,17,0,"22-JUL-06",0.503,2.813,16.184,"N",2.227,31,56.98998,57.01184,-161.5864,-161.5631,57.00091,-161.57475,"G-11","G-11",66,68,NA,9.3,3.8,229,44,15,2
"133",-615,-11698,"BS",2006,88,200601,210,17,0,"22-JUL-06",0.51,2.902,17.053,"Y",NA,31,57.32048,57.34645,-161.5298,-161.5349,57.33347,-161.53235,"H-11","H-11",54,56,NA,8.9,4.6,183,44,15,2
"134",-615,-11699,"BS",2006,88,200601,211,17,0,"22-JUL-06",0.506,2.823,15.365,"N",2.458,10,57.35007,57.32484,-162.1526,-162.1577,57.33746,-162.15515,"H-10","H-10",48,51,NA,7.9,5.5,183,44,15,2
"135",-615,-11700,"BS",2006,88,200601,212,17,0,"23-JUL-06",0.515,2.918,15.856,"Y",NA,31,57.01203,56.98672,-162.1673,-162.18021,56.99938,-162.17376,"G-10","G-10",58,60,NA,9.1,4,229,44,15,2
"136",-615,-11701,"BS",2006,88,200601,213,17,0,"23-JUL-06",0.505,2.867,16.266,"Y",2.352,31,56.67753,56.65173,-162.16251,-162.16119,56.66463,-162.16185,"F-10","F-10",70,72,NA,9.2,3.2,229,44,15,2
"137",-615,-11702,"BS",2006,88,200601,214,17,0,"23-JUL-06",0.519,2.938,15.289,"Y",2.389,31,56.35162,56.33273,-162.1781,-162.2113,56.34218,-162.1947,"E-10","E-10",76,78,NA,9.7,3.4,274,44,15,2
"138",-615,-11703,"BS",2006,88,200601,215,17,0,"23-JUL-06",0.506,2.904,15.834,"Y",2.375,31,56.00223,55.98703,-162.25549,-162.2933,55.99463,-162.2744,"D-10","D-10",68,70,NA,9.3,3.7,229,44,15,2
"139",-615,-11704,"BS",2006,88,200601,216,17,0,"23-JUL-06",0.521,2.938,16.571,"Y",2.232,31,56.31929,56.34568,-162.79849,-162.7955,56.33249,-162.797,"E-09","E-09",76,78,NA,10.6,2.9,274,44,15,2
"140",-615,-11705,"BS",2006,88,200601,217,17,0,"24-JUL-06",0.532,2.978,16.325,"Y",NA,31,56.66329,56.6898,-162.8073,-162.8004,56.67655,-162.80385,"F-09","F-09",70,72,NA,9.8,2.8,274,44,15,2
"141",-615,-11706,"BS",2006,88,200601,218,17,0,"24-JUL-06",0.519,2.95,16.031,"Y",2.238,31,56.99148,57.01804,-162.783,-162.7822,57.00476,-162.7826,"G-09","G-09",59,61,NA,9.6,3.4,229,44,15,2
"142",-615,-11707,"BS",2006,88,200601,219,17,0,"24-JUL-06",0.509,2.941,14.88,"Y",2.485,10,57.33224,57.33076,-162.7597,-162.8083,57.3315,-162.784,"H-09","H-09",46,49,NA,8,4.8,183,44,15,2
"143",-615,-11708,"BS",2006,88,200601,220,17,0,"24-JUL-06",0.508,2.826,15.35,"Y",2.462,10,57.34615,57.32078,-163.38651,-163.3891,57.33347,-163.38781,"H-08","H-08",50,53,NA,9,3.1,183,44,15,2
"144",-630,-4422,"BS",2008,88,200801,188,17,6.24,"20-JUL-08",0.508,2.817,15.981,"Y",2.144,10,57.6685,57.67604,-163.347,-163.30209,57.67227,-163.32455,"I-08","I-08",45,47,NA,5,4.2,183,44,15,2
"145",-630,-4423,"BS",2008,88,200801,189,17,0,"20-JUL-08",0.51,2.881,16.231,"Y",2.186,10,57.66245,57.67817,-162.7693,-162.731,57.67031,-162.75015,"I-09","I-09",43,45,NA,4.6,4.5,183,44,15,2
"146",-630,-4424,"BS",2008,88,200801,190,17,0,"20-JUL-08",0.511,2.816,16.712,"Y",2.04,10,57.64526,57.67057,-162.1311,-162.1284,57.65792,-162.12975,"I-10","I-10",45,47,NA,4.9,4,183,44,15,2
"147",-630,-4425,"BS",2008,88,200801,191,17,0,"20-JUL-08",0.509,2.821,15.359,"Y",2.339,10,58.00562,58.00129,-162.14861,-162.1017,58.00346,-162.12516,"J-10","J-10",36,38,NA,6.2,5.7,137,44,15,2
"148",-630,-4426,"BS",2008,88,200801,192,17,0,"20-JUL-08",0.502,2.766,16.154,"Y",2.326,10,58.00799,57.9845,-161.4843,-161.46899,57.99625,-161.47665,"J-11","J-11",52,54,NA,6.8,4.8,183,44,15,2
"149",-630,-4427,"BS",2008,88,200801,193,17,0,"21-JUL-08",0.513,2.815,16.8,"Y",1.907,10,58.00263,58.00188,-160.88499,-160.83749,58.00226,-160.86124,"J-12","J-12",44,46,NA,8.1,4.1,183,44,15,2
"150",-630,-4428,"BS",2008,88,200801,194,17,0,"21-JUL-08",0.508,2.842,16.297,"Y",2.144,10,58.00148,57.98977,-160.2515,-160.20889,57.99563,-160.2302,"J-13","J-13",49,51,NA,7.2,4.2,183,44,15,2
"151",-630,-4429,"BS",2008,88,200801,195,17,0,"21-JUL-08",0.497,2.773,16.301,"Y",2.128,31,57.68059,57.66818,-160.2796,-160.2394,57.67439,-160.2595,"I-13","I-13",53,55,NA,5.1,4.2,183,44,15,2
"152",-630,-4430,"BS",2008,88,200801,196,17,0,"21-JUL-08",0.517,2.849,16.517,"Y",NA,31,57.34318,57.32967,-160.27251,-160.31261,57.33643,-160.29256,"H-13","H-13",60,62,NA,5,3.6,229,44,15,2
"153",-630,-4431,"BS",2008,88,200801,197,17,0,"21-JUL-08",0.514,2.945,16.377,"Y",2.34,31,57.01471,56.9899,-160.3409,-160.3577,57.00231,-160.3493,"G-13","G-13",62,64,NA,5.3,3.2,229,44,15,2
"154",-630,-4432,"BS",2008,88,200801,198,17,0,"21-JUL-08",0.515,2.816,16.224,"Y",2.262,31,56.66739,56.65206,-160.358,-160.3945,56.65973,-160.37625,"F-13","F-13",56,58,NA,6.3,4.2,229,44,15,2
"155",-630,-4433,"BS",2008,88,200801,199,17,0,"22-JUL-08",0.509,2.781,16.028,"Y",2.261,10,56.31413,56.33914,-161.011,-161.0121,56.32664,-161.01155,"E-12","E-12",50,52,NA,6.9,6.8,183,44,15,2
"156",-630,-4434,"BS",2008,88,200801,200,17,0,"22-JUL-08",0.502,2.785,16.573,"Y",2.292,31,56.65646,56.68116,-160.98849,-160.996,56.66881,-160.99225,"F-12","F-12",65,67,NA,6.4,3,229,44,15,2
"157",-630,-4435,"BS",2008,88,200801,201,17,0,"22-JUL-08",0.501,2.77,16.4,"Y",2.299,31,56.99049,57.01538,-160.9447,-160.9462,57.00294,-160.94545,"G-12","G-12",63,65,NA,5.8,2.6,229,44,15,2
"158",-630,-4436,"BS",2008,88,200801,202,17,0,"22-JUL-08",0.508,2.826,16.356,"Y",2.344,31,57.32288,57.34776,-160.93159,-160.922,57.33532,-160.9268,"H-12","H-12",62,64,NA,5.4,2.5,229,44,15,2
"159",-630,-4437,"BS",2008,88,200801,203,17,0,"22-JUL-08",0.497,2.728,16.28,"Y",2.098,31,57.65503,57.67941,-160.8837,-160.8783,57.66722,-160.881,"I-12","I-12",54,56,NA,6.1,2.6,183,44,15,2
"160",-630,-4438,"BS",2008,88,200801,204,17,0,"23-JUL-08",0.499,2.764,16.362,"Y",2.273,10,57.68612,57.66254,-161.49471,-161.5094,57.67433,-161.50206,"I-11","I-11",51,53,NA,6.1,3.6,183,44,15,2
"161",-630,-4439,"BS",2008,88,200801,205,17,6.21,"23-JUL-08",0.498,2.746,15.776,"Y",2.391,31,57.34488,57.3296,-161.5219,-161.5576,57.33724,-161.53975,"H-11","H-11",54,56,NA,5.2,2.6,183,44,15,2
"162",-630,-4440,"BS",2008,88,200801,206,17,0,"23-JUL-08",0.506,2.797,15.992,"Y",2.246,10,57.33308,57.33761,-162.1422,-162.1877,57.33535,-162.16495,"H-10","H-10",49,51,NA,4.9,4.1,183,44,15,2
"163",-630,-4441,"BS",2008,88,200801,207,17,0,"23-JUL-08",0.505,2.803,15.935,"Y",2.205,10,57.33271,57.33235,-162.74049,-162.7869,57.33253,-162.7637,"H-09","H-09",47,49,NA,5.1,3.5,183,44,15,2
"164",-630,-4442,"BS",2008,88,200801,208,17,0,"23-JUL-08",0.501,2.786,16.041,"Y",2.291,10,57.352,57.32698,-163.386,-163.3835,57.33949,-163.38475,"H-08","H-08",51,53,NA,5,3,183,44,15,2
"165",-630,-4443,"BS",2008,88,200801,209,17,0,"24-JUL-08",0.51,2.791,16.817,"Y",2.037,31,57.00931,57.00195,-163.4113,-163.36749,57.00563,-163.3894,"G-08","G-08",63,65,NA,6.4,2.1,229,44,15,2
"166",-630,-4444,"BS",2008,88,200801,210,17,0,"24-JUL-08",0.513,2.841,16.716,"Y",2.069,31,57.01871,57.00418,-162.80631,-162.76801,57.01145,-162.78716,"G-09","G-09",58,60,NA,5.6,2.4,229,44,15,2
"167",-630,-4445,"BS",2008,88,200801,211,17,0,"24-JUL-08",0.517,2.884,16.576,"Y",2.258,31,56.98047,56.96131,-162.17059,-162.1387,56.97089,-162.15465,"G-10","G-10",60,62,NA,5,2.6,229,44,15,2
"168",-630,-4446,"BS",2008,88,200801,212,17,6.21,"24-JUL-08",0.498,2.752,16.901,"Y",2.23,31,56.94163,56.92855,-161.5997,-161.5614,56.93509,-161.58055,"G-11","G-11",69,71,NA,5,2.3,229,44,15,2
"169",-630,-4447,"BS",2008,88,200801,213,17,6.21,"24-JUL-08",0.496,2.744,17.737,"Y",1.57,31,56.68457,56.66613,-161.5872,-161.5575,56.67535,-161.57235,"F-11","F-11",88,90,NA,5.7,2.5,274,44,15,2
"170",-630,-4448,"BS",2008,88,200801,214,17,1.12,"24-JUL-08",0.443,2.457,16.364,"Y",2.25,10,56.34248,56.3204,-161.6217,-161.6235,56.33144,-161.6226,"E-11","E-11",62,64,NA,7.2,5.2,229,44,15,2
"171",-630,-4449,"BS",2008,88,200801,215,17,6.21,"25-JUL-08",0.508,2.828,16.191,"Y",2.282,31,55.99817,55.98204,-162.2646,-162.29961,55.99011,-162.28211,"D-10","D-10",69,71,NA,7.8,4.2,229,44,15,2
"172",-630,-4450,"BS",2008,88,200801,216,17,0,"25-JUL-08",0.509,2.814,16.846,"Y",1.812,31,56.33434,56.3525,-162.2097,-162.17799,56.34342,-162.19385,"E-10","E-10",77,79,NA,7.1,3.1,274,44,15,2
"173",-630,-4451,"BS",2008,88,200801,217,17,0,"25-JUL-08",0.514,2.837,16.98,"Y",2.027,31,56.65289,56.65576,-162.14,-162.1859,56.65433,-162.16295,"F-10","F-10",72,74,NA,5.5,2,274,44,15,2
"174",-630,-4452,"BS",2008,88,200801,218,17,0,"25-JUL-08",0.517,2.877,16.888,"Y",2.05,31,56.66162,56.66148,-162.7878,-162.83459,56.66155,-162.8112,"F-09","F-09",70,72,NA,7,2.4,274,44,15,2
"175",-630,-4453,"BS",2008,88,200801,219,17,0,"25-JUL-08",0.513,2.867,17.053,"Y",2.048,31,56.66205,56.66134,-163.34689,-163.39349,56.6617,-163.37019,"F-08","F-08",73,75,NA,7.6,1.9,274,44,15,2
"176",-679,-9272,"BS",2012,162,201201,218,17,0,"29-JUL-12",0.481,2.771,16.655,"Y",1.782,31,57.67823,57.67093,-160.93065,-160.88655,57.67458,-160.9086,"I-12","I-12",55,57,NA,6,3.2,183,44,15,1
"177",-679,-9273,"BS",2012,162,201201,219,17,0,"29-JUL-12",0.48,2.591,14.762,"Y",2.369,31,57.66508,57.66645,-160.30668,-160.26352,57.66577,-160.2851,"I-13","I-13",53,55,NA,6.6,3.5,183,44,15,2
"178",-679,-9274,"BS",2012,162,201201,220,17,0,"29-JUL-12",0.483,2.615,14.38,"Y",2.012,10,57.66032,57.65958,-159.6877,-159.64393,57.65995,-159.66582,"I-14","I-14",48,50,NA,4.5,4.3,183,44,15,2
"179",-679,-9275,"BS",2012,162,201201,221,17,0,"29-JUL-12",0.485,2.752,15.331,"Y",2.42,10,57.34752,57.32953,-159.66687,-159.6979,57.33853,-159.68239,"H-14","H-14",51,53,NA,4.2,4.2,183,44,15,2
"180",-679,-9276,"BS",2012,162,201201,222,17,0,"29-JUL-12",0.479,2.533,13.96,"Y",2.293,10,57.03125,57.01887,-159.6516,-159.68653,57.02506,-159.66907,"G-14","G-14",53,55,NA,5.3,4.9,183,44,15,2
"181",-679,-9277,"BS",2012,162,201201,223,17,0,"30-JUL-12",0.478,2.526,12.41,"Y",2.963,10,56.68407,56.67253,-159.69488,-159.73027,56.6783,-159.71258,"F-14","F-14",34,37,NA,8.1,7.9,137,44,15,2
"182",-679,-9278,"BS",2012,162,201201,224,17,0,"30-JUL-12",0.5,2.782,16.204,"Y",2.136,31,56.66312,56.66472,-160.34243,-160.38752,56.66392,-160.36498,"F-13","F-13",56,58,NA,8.6,4.4,229,44,15,2
"183",-679,-9279,"BS",2012,162,201201,225,17,0,"30-JUL-12",0.497,2.856,17.2,"Y",1.698,31,56.9905,57.00995,-160.34517,-160.3758,57.00023,-160.36049,"G-13","G-13",62,64,NA,5.5,3.1,229,44,15,1
"184",-679,-9280,"BS",2012,162,201201,226,17,0,"30-JUL-12",0.507,2.759,18.52,"Y",NA,31,57.30795,57.33277,-160.31552,-160.31268,57.32036,-160.3141,"H-13","H-13",58,58,NA,4.2,3.8,229,44,15,2
"185",-679,-9281,"BS",2012,162,201201,227,17,0,"30-JUL-12",0.497,2.668,16.303,"N",1.712,31,57.33788,57.32275,-160.90208,-160.93633,57.33032,-160.91921,"H-12","H-12",63,65,NA,8.1,2.5,229,44,15,2
"186",-679,-9372,"BS",2012,162,201201,228,17,0,"31-JUL-12",0.482,2.679,14.95,"Y",2.227,31,57.0017,57.00635,-160.91837,-160.96153,57.00403,-160.93995,"G-12","G-12",65,67,NA,5.3,2.1,229,44,15,2
"187",-679,-9373,"BS",2012,162,201201,229,17,0,"31-JUL-12",0.481,2.659,15.794,"Y",2.257,31,56.97922,56.99467,-161.53383,-161.56715,56.98695,-161.55049,"G-11","G-11",67,69,NA,7.2,1.5,229,44,15,2
"188",-679,-9374,"BS",2012,162,201201,230,17,0,"31-JUL-12",0.49,2.719,16.441,"Y",1.687,31,56.69452,56.67113,-161.58888,-161.57608,56.68283,-161.58248,"F-11","F-11",85,87,NA,8.3,1.3,274,44,15,2
"189",-679,-9375,"BS",2012,162,201201,231,17,0,"31-JUL-12",0.488,2.7,16.16,"Y",NA,31,56.6616,56.64332,-161.00857,-160.9795,56.65246,-160.99404,"F-12","F-12",64,64,NA,8.7,3,229,44,15,2
"190",-679,-9376,"BS",2012,162,201201,232,17,0,"31-JUL-12",0.483,2.576,14.89,"Y",2.386,10,56.34903,56.32868,-160.97677,-160.99677,56.33886,-160.98677,"E-12","E-12",51,53,NA,8.5,6,183,44,15,2
"191",-679,-9377,"BS",2012,162,201201,233,17,0,"01-AUG-12",0.483,2.615,15.82,"Y",2.111,10,56.33898,56.3262,-161.58217,-161.61765,56.33259,-161.59991,"E-11","E-11",63,65,NA,8.3,3.2,229,44,15,2
"192",-679,-9378,"BS",2012,162,201201,234,17,0,"01-AUG-12",0.508,2.84,17.78,"Y",1.819,31,56.33217,56.31953,-162.17357,-162.21335,56.32585,-162.19346,"E-10","E-10",74,76,NA,8.5,1.5,274,44,15,2
"193",-679,-9379,"BS",2012,162,201201,235,17,0,"01-AUG-12",0.522,2.898,16.55,"Y",2.406,31,56.01142,55.99725,-162.24775,-162.28668,56.00434,-162.26722,"D-10","D-10",69,71,NA,NA,NA,274,44,15,2
"194",-679,-9380,"BS",2012,162,201201,236,17,0,"02-AUG-12",0.487,2.644,14.64,"Y",2.686,10,55.65817,55.66867,-162.85882,-162.82113,55.66342,-162.83998,"C-09","C-09",52,55,NA,8.3,5.9,183,44,15,2
"195",-679,-9381,"BS",2012,162,201201,237,17,0,"02-AUG-12",0.495,2.704,15.4,"Y",1.998,31,55.33123,55.34933,-163.43693,-163.4085,55.34028,-163.42272,"B-08","B-08",50,52,NA,8.2,6.4,183,44,15,2
"196",-663,-8192,"BS",2011,89,201101,203,17,0,"28-JUL-11",0.513,2.783,15.279,"Y",2.644,10,58.0158,57.99083,-160.21602,-160.21728,58.00332,-160.21665,"J-13","J-13",49,52,NA,8.2,6.1,183,44,15,2
"197",-663,-8193,"BS",2011,89,201101,204,17,0,"28-JUL-11",0.505,2.796,15.663,"N",2.888,31,57.67618,57.65108,-160.26932,-160.26675,57.66363,-160.26804,"I-13","I-13",53,56,NA,6.8,6,183,44,15,2
"198",-663,-8194,"BS",2011,89,201101,205,17,0,"28-JUL-11",0.505,2.794,15.399,"Y",2.771,31,57.66568,57.66568,-160.8632,-160.90978,57.66568,-160.88649,"I-12","I-12",53,56,NA,8.7,5.2,183,44,15,2
"199",-663,-8195,"BS",2011,89,201101,206,17,0,"28-JUL-11",0.524,2.944,16.056,"Y",2.574,31,57.3434,57.31745,-160.92892,-160.93873,57.33043,-160.93383,"H-12","H-12",59,62,NA,7.1,5.1,229,44,15,2
"200",-663,-8196,"BS",2011,89,201101,207,17,0,"29-JUL-11",0.494,2.738,14.853,"Y",2.746,31,57.34512,57.32055,-161.54377,-161.54613,57.33284,-161.54495,"H-11","H-11",54,57,NA,8,4.4,183,44,15,2
"201",-663,-8197,"BS",2011,89,201101,208,17,0,"29-JUL-11",0.509,2.84,15.666,"Y",2.621,31,57.00945,56.98392,-161.5634,-161.56255,56.99669,-161.56298,"G-11","G-11",67,70,NA,7.6,4.2,229,44,15,2
"202",-663,-8198,"BS",2011,89,201101,209,17,0,"29-JUL-11",0.513,2.883,13.341,"Y",2.211,31,56.66758,56.6592,-161.55805,-161.60235,56.66339,-161.5802,"F-11","F-11",87,89,NA,8.3,4.2,274,44,15,3
"203",-663,-8199,"BS",2011,89,201101,210,17,0,"29-JUL-11",0.513,2.795,16.274,"N",2.797,31,56.66547,56.66883,-161.00987,-160.96485,56.66715,-160.98736,"F-12","F-12",64,67,NA,8.5,5.8,229,44,15,2
"204",-663,-8200,"BS",2011,89,201101,211,17,0,"30-JUL-11",0.518,2.853,15.286,"Y",2.622,31,57.00612,56.98057,-160.33987,-160.34313,56.99335,-160.3415,"G-13","G-13",62,65,NA,7.1,5.8,229,44,15,2
"205",-663,-8201,"BS",2011,89,201101,212,17,0,"30-JUL-11",0.523,2.858,16.274,"N",2.697,31,56.67457,56.65727,-160.34955,-160.38382,56.66592,-160.36669,"F-13","F-13",58,61,NA,8.3,6.9,229,44,15,2
"206",-663,-8202,"BS",2011,89,201101,213,17,0,"30-JUL-11",0.509,2.846,14.503,"Y",2.968,10,56.33655,56.3282,-160.98072,-161.02388,56.33238,-161.0023,"E-12","E-12",50,53,NA,8.6,7.7,183,44,15,2
"207",-663,-8203,"BS",2011,89,201101,214,17,0,"30-JUL-11",0.526,2.932,15.628,"Y",2.932,10,56.33383,56.31825,-161.60862,-161.64667,56.32604,-161.62765,"E-11","E-11",60,63,NA,8.8,6.7,229,44,15,2
"208",-663,-8204,"BS",2011,89,201101,215,17,0,"31-JUL-11",0.509,2.744,16.274,"N",2.733,31,56.005,55.98733,-162.23308,-162.26365,55.99617,-162.24837,"D-10","D-10",69,72,NA,8.8,6.8,229,44,15,2
"209",-663,-8205,"BS",2011,89,201101,216,17,0,"31-JUL-11",0.505,2.767,14.832,"Y",2.74,10,55.68948,55.66585,-162.80577,-162.81943,55.67767,-162.8126,"C-09","C-09",50,53,NA,9.3,7.3,183,44,15,2
"210",-664,-8209,"BS",2011,162,201101,191,17,0,"25-JUL-11",0.516,2.792,15.881,"Y",2.77,10,58.00528,57.9892,-160.85683,-160.82087,57.99724,-160.83885,"J-12","J-12",42,45,NA,8.3,5.2,183,44,15,2
"211",-664,-8211,"BS",2011,162,201101,193,17,0,"26-JUL-11",0.509,2.803,15.721,"Y",2.411,10,57.67723,57.65565,-159.62587,-159.65008,57.66644,-159.63798,"I-14","I-14",47,49,NA,6.2,6.2,183,44,15,2
"212",-664,-8212,"BS",2011,162,201101,194,17,0,"26-JUL-11",0.498,2.627,15.898,"N",2.665,10,57.34443,57.32638,-159.65087,-159.67865,57.33541,-159.66476,"H-14","H-14",52,55,NA,7.2,6.9,183,44,15,2
"213",-664,-8215,"BS",2011,162,201101,197,17,0,"27-JUL-11",0.509,2.726,15.898,"N",2.577,10,57.0065,56.9893,-159.67115,-159.70292,56.9979,-159.68704,"G-14","G-14",51,54,NA,7.9,6.9,183,44,15,2
"214",-664,-8216,"BS",2011,162,201101,198,17,0,"28-JUL-11",0.507,2.751,15.45,"Y",2.44,31,57.34733,57.3226,-160.29293,-160.29453,57.33497,-160.29373,"H-13","H-13",60,62,NA,6.8,6.2,229,44,15,2
"215",-664,-8217,"BS",2011,162,201101,199,17,0,"28-JUL-11",0.516,2.864,15.674,"Y",2.388,31,57.01053,56.98892,-160.94395,-160.9693,56.99973,-160.95663,"G-12","G-12",58,60,NA,7.2,4.7,229,44,15,2
"216",-712,-17326,"BS",2017,94,201701,216,17,0,"10-AUG-17",0.508,2.863,16.022,"N",2.485,10,58.02747,58.00548,-162.76302,-162.73783,58.01648,-162.75043,"J-09","J-09",38,40,NA,10.7,7.8,137,44,15,0
"217",-712,-17327,"BS",2017,94,201701,217,17,0,"11-AUG-17",0.525,2.819,17.079,"Y",2.355,31,56.34669,56.32145,-162.79744,-162.8021,56.33407,-162.79977,"E-09","E-09",76,78,NA,12.1,1.9,274,44,15,0
"218",-712,-17328,"BS",2017,94,201701,218,17,0,"11-AUG-17",0.524,2.845,17,"Y",2.49,31,56.00934,55.98463,-162.81011,-162.82199,55.99699,-162.81605,"D-09","D-09",76,78,NA,12.4,3.3,274,44,15,0
"219",-712,-17329,"BS",2017,94,201701,219,17,0,"11-AUG-17",0.498,2.676,15.446,"Y",2.447,31,55.99412,56.00345,-162.28046,-162.24101,55.99879,-162.26074,"D-10","D-10",69,71,NA,12.6,5.3,229,44,15,0
"220",-712,-17330,"BS",2017,94,201701,220,17,0,"12-AUG-17",0.521,2.752,16.476,"Y",2.607,31,57.00011,56.99673,-161.52767,-161.57242,56.99842,-161.55005,"G-11","G-11",66,69,NA,11.9,3.8,229,44,15,0
"221",-712,-17331,"BS",2017,94,201701,221,17,0,"12-AUG-17",0.529,2.766,17.406,"Y",2.393,31,57.00497,56.99985,-162.14503,-162.18949,57.00241,-162.16726,"G-10","G-10",58,60,NA,10.9,4.1,229,44,15,0
"222",-712,-17332,"BS",2017,94,201701,222,17,0,"12-AUG-17",0.517,2.809,16.684,"Y",2.2,31,56.67323,56.6538,-162.19541,-162.16618,56.66352,-162.1808,"F-10","F-10",70,72,NA,10,3.3,229,44,15,0
"223",-712,-17333,"BS",2017,94,201701,223,17,0,"12-AUG-17",0.514,2.736,16.538,"Y",2.062,31,56.65099,56.64839,-161.61503,-161.57078,56.64969,-161.59291,"F-11","F-11",89,91,NA,9.2,3.4,274,44,15,0
"224",-712,-17334,"BS",2017,94,201701,224,17,0,"12-AUG-17",0.52,2.727,16.834,"Y",2.315,31,56.66305,56.66376,-161.04598,-161.00162,56.66341,-161.0238,"F-12","F-12",65,67,NA,12.1,5,229,44,15,0
"225",-712,-17335,"BS",2017,94,201701,225,17,0,"13-AUG-17",0.518,2.701,16.829,"Y",2.53,31,57.00174,56.99735,-161.00398,-160.96036,56.99955,-160.98217,"G-12","G-12",61,64,NA,11.7,4.4,229,44,15,0
"226",-712,-17336,"BS",2017,94,201701,226,17,0,"13-AUG-17",0.519,2.673,16.541,"Y",2.208,31,57.00394,57.00384,-160.36667,-160.32276,57.00389,-160.34472,"G-13","G-13",63,65,NA,12.1,5.5,229,44,15,0
"227",-712,-17337,"BS",2017,94,201701,227,17,0,"13-AUG-17",0.522,2.905,16.561,"Y",2.242,31,57.32385,57.32602,-160.33286,-160.28491,57.32494,-160.30889,"H-13","H-13",60,62,NA,10.9,5.7,229,44,15,0
"228",-712,-17338,"BS",2017,94,201701,228,17,0,"13-AUG-17",0.508,2.779,16.3,"Y",2.295,10,57.33672,57.33903,-159.69745,-159.65161,57.33788,-159.67453,"H-14","H-14",54,56,NA,10.7,6.8,183,44,15,0
"229",-712,-17339,"BS",2017,94,201701,229,17,0,"13-AUG-17",0.516,2.829,16.323,"Y",2.316,10,57.65436,57.66777,-159.61384,-159.65404,57.66107,-159.63394,"I-14","I-14",48,50,NA,11.3,7.8,183,44,15,0
"230",-712,-17340,"BS",2017,94,201701,230,17,0,"14-AUG-17",0.524,2.873,16.625,"Y",2.347,31,57.33138,57.32767,-160.90461,-160.95172,57.32953,-160.92817,"H-12","H-12",62,64,NA,11.2,4.7,229,44,15,0
"231",-712,-17341,"BS",2017,94,201701,231,17,0,"14-AUG-17",0.511,2.769,16.105,"Y",2.572,31,57.31547,57.3131,-161.52372,-161.56936,57.31429,-161.54654,"H-11","H-11",53,56,NA,10.9,4.4,183,44,15,0
"232",-712,-17342,"BS",2017,94,201701,232,17,0,"14-AUG-17",0.516,2.637,15.846,"Y",2.383,10,57.33247,57.335,-162.12446,-162.16789,57.33374,-162.14618,"H-10","H-10",48,50,NA,9.6,5.7,183,44,15,0
"233",-712,-17343,"BS",2017,94,201701,233,17,0,"14-AUG-17",0.514,2.674,15.954,"Y",2.42,10,57.33209,57.33188,-162.7181,-162.76238,57.33199,-162.74024,"H-09","H-09",47,49,NA,10.1,5.4,183,44,15,0
"234",-712,-17344,"BS",2017,94,201701,234,17,0,"15-AUG-17",0.513,2.81,15.761,"Y",2.503,10,57.66628,57.66425,-161.4391,-161.48592,57.66527,-161.46251,"I-11","I-11",51,54,NA,9.9,5,183,44,15,0
"235",-712,-17345,"BS",2017,94,201701,235,17,0,"15-AUG-17",0.516,2.829,15.676,"Y",2.46,10,57.9893,58.01067,-161.47067,-161.49661,57.99999,-161.48364,"J-11","J-11",53,55,NA,10.4,6.9,183,44,15,0
"236",-658,-6845,"BS",2010,89,201001,148,17,0,"24-JUL-10",0.353,2.012,15.635,"Y",2.448,10,55.6572,55.66838,-162.85417,-162.82912,55.66279,-162.84165,"C-09","C-09",53,55,NA,8.3,4.2,183,44,15,2
"237",-658,-6846,"BS",2010,89,201001,149,17,0,"25-JUL-10",0.521,2.875,16.378,"Y",2.538,31,55.97868,55.9938,-162.26468,-162.22748,55.98624,-162.24608,"D-10","D-10",65,68,NA,8.2,4.2,229,44,15,2
"238",-658,-6847,"BS",2010,89,201001,150,17,0,"25-JUL-10",0.501,2.812,15.422,"Y",2.598,10,56.3316,56.33503,-160.98375,-161.02868,56.33332,-161.00622,"E-12","E-12",45,48,NA,NA,NA,183,44,15,2
"239",-658,-6848,"BS",2010,89,201001,151,17,0,"25-JUL-10",0.51,2.806,16.764,"N",2.548,10,56.31967,56.33415,-161.65227,-161.61528,56.32691,-161.63378,"E-11","E-11",60,63,NA,8.1,3.4,229,44,15,2
"240",-658,-6849,"BS",2010,89,201001,152,17,0,"25-JUL-10",0.497,2.809,16.728,"Y",2.556,31,56.6517,56.67468,-160.99123,-160.97235,56.66319,-160.98179,"F-12","F-12",66,69,NA,7.3,2.8,229,44,15,2
"241",-658,-6850,"BS",2010,89,201001,153,17,0,"26-JUL-10",0.529,2.883,16.764,"N",2.514,31,56.65208,56.66745,-160.39062,-160.35298,56.65977,-160.3718,"F-13","F-13",56,59,NA,7.3,4.7,229,44,15,2
"242",-658,-6851,"BS",2010,89,201001,154,17,0,"26-JUL-10",0.383,2.107,14.881,"Y",2.622,10,56.67807,56.69255,-159.75012,-159.72805,56.68531,-159.73909,"F-14","F-14",36,39,NA,7.5,6.5,137,44,15,2
"243",-658,-6852,"BS",2010,89,201001,155,17,0,"26-JUL-10",0.508,2.802,15.594,"Y",2.321,10,56.953,56.97805,-159.70057,-159.69608,56.96553,-159.69833,"G-14","G-14",53,55,NA,5.7,5.4,183,44,15,2
"244",-658,-6853,"BS",2010,89,201001,156,17,0,"26-JUL-10",0.502,2.749,15.614,"Y",2.332,10,57.32245,57.3469,-159.66782,-159.67408,57.33468,-159.67095,"H-14","H-14",53,55,NA,5.7,5.6,183,44,15,2
"245",-658,-6854,"BS",2010,89,201001,157,17,0,"26-JUL-10",0.513,2.817,16.13,"Y",2.707,10,57.64965,57.67192,-159.62082,-159.64318,57.66079,-159.632,"I-14","I-14",46,49,NA,5.9,5.7,183,44,15,2
"246",-658,-6855,"BS",2010,89,201001,158,17,0,"27-JUL-10",0.514,2.881,15.452,"Y",2.661,31,57.3456,57.32845,-160.29028,-160.32598,57.33703,-160.30813,"H-13","H-13",59,62,NA,5.2,5.1,229,44,15,2
"247",-658,-6856,"BS",2010,89,201001,159,17,0,"27-JUL-10",0.51,2.794,15.716,"Y",2.639,31,57.0195,57.0018,-160.3228,-160.3552,57.01065,-160.339,"G-13","G-13",63,66,NA,4.8,4,229,44,15,2
"248",-658,-6857,"BS",2010,89,201001,160,17,0,"27-JUL-10",0.503,2.745,14.2,"Y",2.709,31,57.00963,57.0343,-160.93102,-160.92965,57.02197,-160.93034,"G-12","G-12",61,64,NA,6.8,3.2,229,44,15,2
"249",-658,-6858,"BS",2010,89,201001,161,17,0,"27-JUL-10",0.494,2.738,14.964,"Y",2.586,31,57.31858,57.3407,-160.91775,-160.93738,57.32964,-160.92757,"H-12","H-12",62,65,NA,7,4.2,229,44,15,2
"250",-658,-6859,"BS",2010,89,201001,162,17,0,"27-JUL-10",0.486,2.685,14.527,"Y",2.742,31,57.33413,57.3513,-161.51562,-161.54687,57.34272,-161.53125,"H-11","H-11",51,54,NA,NA,5.7,183,44,15,2
"251",-658,-6860,"BS",2010,89,201001,163,17,0,"28-JUL-10",0.511,2.835,15.924,"N",2.568,10,57.64693,57.641,-162.14725,-162.10183,57.64397,-162.12454,"I-10","I-10",44,47,NA,7.5,4.8,183,44,15,2
"252",-658,-6861,"BS",2010,89,201001,164,17,0,"28-JUL-10",0.504,2.783,14.728,"Y",2.512,10,57.64967,57.66053,-161.51985,-161.47793,57.6551,-161.49889,"I-11","I-11",51,54,NA,7.3,4.2,183,44,15,3
"253",-658,-6862,"BS",2010,89,201001,165,17,0,"28-JUL-10",0.528,2.949,15.93,"Y",2.426,31,57.65993,57.67305,-160.89887,-160.85603,57.66649,-160.87745,"I-12","I-12",54,56,NA,7.9,4.8,229,44,15,2
"254",-658,-6863,"BS",2010,89,201001,166,17,0,"28-JUL-10",0.481,2.665,14.52,"Y",2.76,31,57.63772,57.66002,-160.28582,-160.26943,57.64887,-160.27763,"I-13","I-13",52,55,NA,5.5,5.3,183,44,15,2
"255",-658,-6864,"BS",2010,89,201001,167,17,0,"28-JUL-10",0.447,2.496,15.195,"Y",2.56,10,57.99605,57.99858,-160.18832,-160.23008,57.99732,-160.2092,"J-13","J-13",47,50,NA,6,5.5,183,44,15,2
"256",-658,-6865,"BS",2010,89,201001,168,17,0,"29-JUL-10",0.518,2.856,15.058,"Y",2.601,10,58.00003,57.98708,-160.8623,-160.90383,57.99356,-160.88307,"J-12","J-12",43,46,NA,8.5,4.8,183,44,15,2
"257",-658,-6866,"BS",2010,89,201001,169,17,0,"29-JUL-10",0.499,2.756,15.924,"N",2.556,10,57.98828,57.99993,-161.43218,-161.47322,57.99411,-161.4527,"J-11","J-11",53,56,NA,7.9,4.8,183,44,15,2
"258",-658,-6867,"BS",2010,89,201001,170,17,0,"29-JUL-10",0.501,2.752,14.634,"Y",2.688,10,58.00098,58.0038,-162.09058,-162.13667,58.00239,-162.11363,"J-10","J-10",35,38,NA,7.3,6.5,137,44,15,2
"259",-751,-20679,"BS",2021,94,202101,196,17,0,"07-AUG-21",0.527,2.733,17.257,"Y",2.343,31,56.98264,56.98986,-163.44114,-163.39826,56.98625,-163.4197,"G-08","G-08",63,65,NA,11.8,4.4,229,44,15,0
"260",-751,-20680,"BS",2021,94,202101,197,17,0,"07-AUG-21",0.531,3.063,17.108,"Y",2.314,31,57.02476,57.01745,-162.82257,-162.77406,57.02111,-162.79832,"G-09","G-09",58,60,NA,12.1,5.3,229,44,15,0
"261",-751,-20681,"BS",2021,94,202101,198,17,0,"07-AUG-21",0.53,2.933,15.577,"Y",2.064,31,57.01707,56.99236,-162.19465,-162.17775,57.00472,-162.1862,"G-10","G-10",57,59,NA,12.1,5.4,229,44,15,0
"262",-751,-20682,"BS",2021,94,202101,199,17,0,"08-AUG-21",0.521,2.817,17.003,"Y",2.32,31,56.97397,56.99671,-161.58712,-161.56669,56.98534,-161.57691,"G-11","G-11",67,69,NA,12.3,6.4,229,44,15,0
"263",-751,-20683,"BS",2021,94,202101,200,17,0,"08-AUG-21",0.522,2.825,16.903,"Y",2.394,31,57.00118,56.99751,-160.99098,-160.94507,56.99935,-160.96803,"G-12","G-12",61,63,NA,12.4,6.1,229,44,15,0
"264",-751,-20684,"BS",2021,94,202101,201,17,0,"08-AUG-21",0.526,2.828,16.813,"Y",2.273,31,57.30355,57.329,-160.93686,-160.93647,57.31628,-160.93667,"H-12","H-12",62,64,NA,12.2,5.8,229,44,15,0
"265",-751,-20685,"BS",2021,94,202101,202,17,0,"08-AUG-21",0.533,2.863,16.911,"Y",2.252,31,57.64324,57.66872,-160.88326,-160.87616,57.65598,-160.87971,"I-12","I-12",54,56,NA,12.8,7,229,44,15,0
"266",-751,-20686,"BS",2021,94,202101,203,17,0,"08-AUG-21",0.523,2.816,16.481,"Y",2.411,31,57.68854,57.66321,-160.28503,-160.28392,57.67588,-160.28448,"I-13","I-13",51,53,NA,11.9,8,183,44,15,0
"267",-751,-20687,"BS",2021,94,202101,204,17,0,"09-AUG-21",0.529,2.879,16.486,"Y",2.337,10,57.68045,57.65884,-159.63085,-159.65739,57.66965,-159.64412,"I-14","I-14",48,50,NA,12.3,8.7,183,44,15,0
"268",-751,-20688,"BS",2021,94,202101,205,17,0,"09-AUG-21",0.528,2.797,17.157,"Y",2.264,31,57.34806,57.33145,-160.26516,-160.29997,57.33976,-160.28257,"H-13","H-13",59,61,NA,10.5,7.2,229,44,15,0
"269",-751,-20689,"BS",2021,94,202101,206,17,0,"09-AUG-21",0.526,2.837,16.318,"Y",2.28,31,57.01625,57.00216,-160.31398,-160.35283,57.00921,-160.33341,"G-13","G-13",62,64,NA,11.6,6.7,229,44,15,0
"270",-751,-20690,"BS",2021,94,202101,207,17,0,"09-AUG-21",0.518,2.823,15.79,"Y",2.272,10,56.9849,56.99687,-159.71861,-159.67775,56.99089,-159.69818,"G-14","G-14",51,53,NA,11.1,8.5,183,44,15,0
"271",-751,-20762,"BS",2021,94,202101,208,17,0,"10-AUG-21",0.529,2.865,16.82,"Y",2.228,31,57.33281,57.32809,-161.51342,-161.56007,57.33045,-161.53675,"H-11","H-11",54,56,NA,12.9,5.6,229,44,15,0
"272",-751,-20763,"BS",2021,94,202101,209,17,0,"10-AUG-21",0.523,2.866,16.935,"Y",2.078,10,57.33255,57.33278,-162.1328,-162.18028,57.33267,-162.15654,"H-10","H-10",49,51,NA,11.9,7.6,183,44,15,0
"273",-751,-20764,"BS",2021,94,202101,210,17,0,"10-AUG-21",0.535,2.937,16.575,"Y",2.126,10,57.63812,57.66416,-162.13195,-162.12359,57.65114,-162.12777,"I-10","I-10",45,47,NA,12.9,6.7,183,44,15,0
"274",-751,-20765,"BS",2021,94,202101,211,17,0,"10-AUG-21",0.521,2.834,16.463,"Y",2.265,10,57.6604,57.66595,-161.53953,-161.49329,57.66318,-161.51641,"I-11","I-11",50,52,NA,13.2,6.4,183,44,15,0
"275",-751,-20766,"BS",2021,94,202101,212,17,0,"10-AUG-21",0.523,2.752,16.108,"Y",2.427,10,57.98671,58.00938,-161.47045,-161.48915,57.99805,-161.4798,"J-11","J-11",52,54,NA,12.8,7,183,44,15,0
"276",-751,-20767,"BS",2021,94,202101,213,17,0,"11-AUG-21",0.526,2.883,16.42,"Y",2.349,10,57.33227,57.33541,-162.7273,-162.7747,57.33384,-162.751,"H-09","H-09",47,47,NA,12.2,6.9,183,44,15,0
"277",-751,-20768,"BS",2021,94,202101,214,17,0,"11-AUG-21",0.54,2.919,15.874,"Y",2.437,10,57.64325,57.66898,-162.74583,-162.75568,57.65612,-162.75076,"I-09","I-09",42,44,NA,11.4,6.9,183,44,15,0
"278",-751,-20769,"BS",2021,94,202101,215,17,0,"11-AUG-21",0.525,2.791,16.384,"Y",2.303,10,57.65016,57.66257,-163.35434,-163.39488,57.65637,-163.37461,"I-08","I-08",45,47,NA,11.9,7.3,183,44,15,0
"279",-634,-5761,"BS",2009,89,200901,204,17,0,"29-JUL-09",0.526,2.842,15.85,"Y",2.574,10,56.67772,56.66573,-159.7252,-159.76601,56.67173,-159.74561,"F-14","F-14",35,38,NA,9.1,8.1,137,44,15,2
"280",-634,-5762,"BS",2009,89,200901,205,17,0,"29-JUL-09",0.555,3.26,16.641,"Y",2.349,31,56.66389,56.66328,-160.3669,-160.41991,56.66359,-160.39341,"F-13","F-13",56,58,NA,9.1,4.9,229,44,15,2
"281",-634,-5763,"BS",2009,89,200901,206,17,0,"29-JUL-09",0.535,2.823,17.16,"N",2.272,31,56.664,56.65456,-160.97681,-161.0195,56.65928,-160.99816,"F-12","F-12",65,67,NA,8.2,3.9,229,44,15,2
"282",-634,-5764,"BS",2009,89,200901,207,17,0,"29-JUL-09",0.525,2.827,16.847,"Y",2.122,10,56.34628,56.32969,-160.9718,-161.00639,56.33799,-160.9891,"E-12","E-12",52,54,NA,8.8,6.3,183,44,15,2
"283",-634,-5765,"BS",2009,89,200901,208,17,0,"29-JUL-09",0.539,2.97,17.834,"Y",2.125,10,56.34045,56.32515,-161.5914,-161.63071,56.3328,-161.61106,"E-11","E-11",63,65,NA,9.4,3.8,229,44,15,2
